"행정구역(동읍면)별(1)","행정구역(동읍면)별(2)",행정구역(동읍면)별(3),항목,2024.07,2024.07,2024.07,2024.07,2024.07,2024.07,2024.07,2024.07,2024.07,2024.07,2024.07,2024.07,2024.07,2024.07,2024.07,2024.07,2024.07,2024.07
"행정구역(동읍면)별(1)","행정구역(동읍면)별(2)",행정구역(동읍면)별(3),항목,계,20 - 24세,25 - 29세,30 - 34세,35 - 39세,40 - 44세,45 - 49세,50 - 54세,55 - 59세,60 - 64세,65 - 69세,70 - 74세,75 - 79세,80 - 84세,85 - 89세,90 - 94세,95 - 99세,100+
"전국","소계",소계,총인구수 (명),51265238,2711038,3343400,3454825,3144285,3968671,3829092,4468451,4260354,4216718,3526690,2332941,1751817,1340443,746668,259885,57336,8688
"전국","소계",소계,남자인구수 (명),25528507,1408133,1748364,1817952,1622003,2021792,1942815,2264578,2138774,2096981,1716169,1096071,783469,526625,242361,62946,10567,1568
"전국","소계",소계,여자인구수 (명),25736731,1302905,1595036,1636873,1522282,1946879,1886277,2203873,2121580,2119737,1810521,1236870,968348,813818,504307,196939,46769,7120
"서울특별시","소계",소계,총인구수 (명),9360400,543819,788133,790442,644805,722803,674392,784592,709798,700953,622332,427050,330610,233241,116634,38549,9209,1505
"서울특별시","소계",소계,남자인구수 (명),4521316,253919,374777,396396,321523,358815,331957,387568,347271,336023,290356,195609,146867,99161,42729,10796,2072,351
"서울특별시","소계",소계,여자인구수 (명),4839084,289900,413356,394046,323282,363988,342435,397024,362527,364930,331976,231441,183743,134080,73905,27753,7137,1154
"서울특별시","종로구",소계,총인구수 (명),139093,8985,12386,11225,8374,9635,9136,12123,11482,11361,9599,6329,5380,4346,2408,825,220,44
"서울특별시","종로구",소계,남자인구수 (명),66956,4056,5979,5656,4073,4721,4391,5995,5628,5738,4759,3005,2348,1788,913,279,57,14
"서울특별시","종로구",소계,여자인구수 (명),72137,4929,6407,5569,4301,4914,4745,6128,5854,5623,4840,3324,3032,2558,1495,546,163,30
"서울특별시","중구",소계,총인구수 (명),121407,6534,10613,11921,9464,9071,7585,9511,9458,9641,8793,5888,4790,3765,1950,724,188,24
"서울특별시","중구",소계,남자인구수 (명),58546,2930,4797,5886,4749,4579,3895,4692,4800,4858,4300,2793,2060,1524,644,185,46,8
"서울특별시","중구",소계,여자인구수 (명),62861,3604,5816,6035,4715,4492,3690,4819,4658,4783,4493,3095,2730,2241,1306,539,142,16
"서울특별시","용산구",소계,총인구수 (명),205603,11009,17478,20455,16104,16164,13822,17207,15844,15377,13007,8509,6785,5456,3250,1149,290,55
"서울특별시","용산구",소계,남자인구수 (명),98357,4880,8048,10132,7918,8084,6714,8272,7855,7588,6294,3888,2904,2176,1145,362,72,18
"서울특별시","용산구",소계,여자인구수 (명),107246,6129,9430,10323,8186,8080,7108,8935,7989,7789,6713,4621,3881,3280,2105,787,218,37
"서울특별시","성동구",소계,총인구수 (명),276194,16582,23367,24566,21636,21823,18473,22721,21405,21087,17672,11581,9210,6986,3555,1127,231,37
"서울특별시","성동구",소계,남자인구수 (명),133758,7780,11482,12039,10574,11090,9117,11089,10558,10487,8510,5380,3940,2828,1218,317,57,14
"서울특별시","성동구",소계,여자인구수 (명),142436,8802,11885,12527,11062,10733,9356,11632,10847,10600,9162,6201,5270,4158,2337,810,174,23
"서울특별시","광진구",소계,총인구수 (명),333946,22320,35671,32069,23068,24303,22797,27141,25704,24903,21080,13629,10514,7543,3780,1214,291,49
"서울특별시","광진구",소계,남자인구수 (명),160153,10085,16742,15971,11468,11856,11201,13142,12460,12079,9870,6307,4729,3211,1414,351,67,15
"서울특별시","광진구",소계,여자인구수 (명),173793,12235,18929,16098,11600,12447,11596,13999,13244,12824,11210,7322,5785,4332,2366,863,224,34
"서울특별시","동대문구",소계,총인구수 (명),341086,25560,30795,27112,22740,25252,22705,27009,25499,25594,23130,16037,12892,9739,4744,1457,312,58
"서울특별시","동대문구",소계,남자인구수 (명),166970,11376,15266,13927,11587,13018,11651,13622,12891,12701,11105,7474,5569,4043,1749,429,70,12
"서울특별시","동대문구",소계,여자인구수 (명),174116,14184,15529,13185,11153,12234,11054,13387,12608,12893,12025,8563,7323,5696,2995,1028,242,46
"서울특별시","중랑구",소계,총인구수 (명),380912,18769,29855,32255,25856,27699,24677,31219,32951,34370,29507,19565,14770,10538,4914,1571,366,57
"서울특별시","중랑구",소계,남자인구수 (명),186434,8832,14322,16219,13355,14492,12781,15598,16065,16710,14175,9170,6545,4413,1809,410,75,10
"서울특별시","중랑구",소계,여자인구수 (명),194478,9937,15533,16036,12501,13207,11896,15621,16886,17660,15332,10395,8225,6125,3105,1161,291,47
"서울특별시","성북구",소계,총인구수 (명),423846,31371,32834,29389,26406,31420,30497,38124,32960,31089,27427,18818,15380,11983,5992,1875,462,69
"서울특별시","성북구",소계,남자인구수 (명),203182,14094,16050,14928,13045,15599,14841,18743,16311,14786,12726,8467,6432,4938,2177,536,101,16
"서울특별시","성북구",소계,여자인구수 (명),220664,17277,16784,14461,13361,15821,15656,19381,16649,16303,14701,10351,8948,7045,3815,1339,361,53
"서울특별시","강북구",소계,총인구수 (명),284579,16336,20484,19160,15477,19145,19335,25350,24624,25236,22726,16301,13840,10419,4863,1366,349,37
"서울특별시","강북구",소계,남자인구수 (명),137469,7361,10083,10030,8162,10126,9820,12691,12030,12016,10663,7148,5761,4240,1827,398,77,13
"서울특별시","강북구",소계,여자인구수 (명),147110,8975,10401,9130,7315,9019,9515,12659,12594,13220,12063,9153,8079,6179,3036,968,272,24
"서울특별시","도봉구",소계,총인구수 (명),305091,16172,20387,20222,17266,20904,20496,27039,26914,27784,25531,16850,13050,10010,5024,1635,384,67
"서울특별시","도봉구",소계,남자인구수 (명),147675,7912,10161,10439,8795,10677,10118,13117,12731,13132,11965,7916,5861,4219,1826,448,92,14
"서울특별시","도봉구",소계,여자인구수 (명),157416,8260,10226,9783,8471,10227,10378,13922,14183,14652,13566,8934,7189,5791,3198,1187,292,53
"서울특별시","노원구",소계,총인구수 (명),494451,32623,32331,32163,28691,35704,37476,46189,40256,38736,34603,23290,17655,13089,6998,2447,557,88
"서울특별시","노원구",소계,남자인구수 (명),237042,16339,16471,16160,14492,17204,17676,22213,19431,18138,15779,10595,7444,5092,2258,625,120,19
"서울특별시","노원구",소계,여자인구수 (명),257409,16284,15860,16003,14199,18500,19800,23976,20825,20598,18824,12695,10211,7997,4740,1822,437,69
"서울특별시","은평구",소계,총인구수 (명),464004,25016,35577,36843,29562,34973,33490,40920,36983,36866,32437,22593,18188,13600,6809,1967,446,64
"서울특별시","은평구",소계,남자인구수 (명),219908,11895,16158,17923,14488,17448,16282,19873,17698,17275,14902,9897,7759,5658,2475,576,102,16
"서울특별시","은평구",소계,여자인구수 (명),244096,13121,19419,18920,15074,17525,17208,21047,19285,19591,17535,12696,10429,7942,4334,1391,344,48
"서울특별시","서대문구",소계,총인구수 (명),305056,21260,26641,24225,20614,22683,20673,25582,23355,22382,19311,13115,10989,8820,4750,1436,339,60
"서울특별시","서대문구",소계,남자인구수 (명),144503,9238,12746,11978,10149,11236,10168,12340,11329,10618,9022,5818,4579,3488,1743,423,82,12
"서울특별시","서대문구",소계,여자인구수 (명),160553,12022,13895,12247,10465,11447,10505,13242,12026,11764,10289,7297,6410,5332,3007,1013,257,48
"서울특별시","마포구",소계,총인구수 (명),362983,23049,35255,35411,28813,29490,26588,30715,25569,23258,19523,13015,10994,8720,4541,1572,343,52
"서울특별시","마포구",소계,남자인구수 (명),169199,9961,15352,16744,13628,14325,12720,14900,12434,11212,8922,5659,4424,3571,1593,461,88,9
"서울특별시","마포구",소계,여자인구수 (명),193784,13088,19903,18667,15185,15165,13868,15815,13135,12046,10601,7356,6570,5149,2948,1111,255,43
"서울특별시","양천구",소계,총인구수 (명),432975,23082,27915,27746,25119,34872,36306,39758,34750,33611,29402,19792,13915,8821,4444,1630,389,62
"서울특별시","양천구",소계,남자인구수 (명),211102,11730,13891,14011,12251,16599,17402,19712,17136,16212,13697,9439,6394,3725,1501,370,89,12
"서울특별시","양천구",소계,여자인구수 (명),221873,11352,14024,13735,12868,18273,18904,20046,17614,17399,15705,10353,7521,5096,2943,1260,300,50
"서울특별시","강서구",소계,총인구수 (명),558637,28720,48311,53848,42199,44902,39819,43685,39464,41811,38696,26080,18879,12162,6285,2271,578,89
"서울특별시","강서구",소계,남자인구수 (명),267547,13213,21566,26444,21445,22750,19739,21699,18819,19378,17649,11968,8756,5057,2132,577,109,18
"서울특별시","강서구",소계,여자인구수 (명),291090,15507,26745,27404,20754,22152,20080,21986,20645,22433,21047,14112,10123,7105,4153,1694,469,71
"서울특별시","구로구",소계,총인구수 (명),389869,19286,30109,32924,28054,29941,27285,31869,29855,30772,27982,20249,15249,10157,4884,1450,361,53
"서울특별시","구로구",소계,남자인구수 (명),190917,9300,14443,16538,14529,15412,13865,15994,14612,14762,12999,9315,7089,4438,1843,402,75,12
"서울특별시","구로구",소계,여자인구수 (명),198952,9986,15666,16386,13525,14529,13420,15875,15243,16010,14983,10934,8160,5719,3041,1048,286,41
"서울특별시","금천구",소계,총인구수 (명),226526,11223,23160,22785,15512,15102,13806,17925,19051,19980,16751,11163,8455,5834,2736,880,155,35
"서울특별시","금천구",소계,남자인구수 (명),113920,5237,11372,12430,8593,8251,7233,9120,9449,10052,8156,5219,3867,2525,1016,255,28,10
"서울특별시","금천구",소계,여자인구수 (명),112606,5986,11788,10355,6919,6851,6573,8805,9602,9928,8595,5944,4588,3309,1720,625,127,25
"서울특별시","영등포구",소계,총인구수 (명),374961,19016,37320,40885,31311,28781,24488,28389,26756,26436,23048,16003,12536,9082,4842,1520,311,62
"서울특별시","영등포구",소계,남자인구수 (명),183422,8488,16756,20415,16092,14940,12465,14289,13564,13187,11143,7396,5702,3843,1892,467,80,14
"서울특별시","영등포구",소계,여자인구수 (명),191539,10528,20564,20470,15219,13841,12023,14100,13192,13249,11905,8607,6834,5239,2950,1053,231,48
"서울특별시","동작구",소계,총인구수 (명),377945,25474,37546,34318,26323,27783,25555,30149,27358,26855,23929,16994,13958,9717,4920,1642,374,61
"서울특별시","동작구",소계,남자인구수 (명),182646,11866,18421,17508,13417,14020,12642,14792,13185,12654,10940,7539,5964,4314,1818,477,93,16
"서울특별시","동작구",소계,여자인구수 (명),195299,13608,19125,16810,12906,13763,12913,15357,14173,14201,12989,9455,7994,5403,3102,1165,281,45
"서울특별시","관악구",소계,총인구수 (명),480627,35199,70548,56846,33061,31664,28681,34131,31602,31927,28581,21309,17145,12238,5460,1556,340,57
"서울특별시","관악구",소계,남자인구수 (명),242010,15817,35363,31890,18535,17170,15203,17880,15840,15413,13219,9563,7540,5405,2166,456,74,10
"서울특별시","관악구",소계,여자인구수 (명),238617,19382,35185,24956,14526,14494,13478,16251,15762,16514,15362,11746,9605,6833,3294,1100,266,47
"서울특별시","서초구",소계,총인구수 (명),407616,21897,27576,29342,27781,35471,35592,37640,28516,25094,23206,16644,13200,8253,4084,1470,392,67
"서울특별시","서초구",소계,남자인구수 (명),193937,10460,13028,13990,12452,16259,16606,18536,14110,11849,10617,7522,6032,3915,1702,468,105,15
"서울특별시","서초구",소계,여자인구수 (명),213679,11437,14548,15352,15329,19212,18986,19104,14406,13245,12589,9122,7168,4338,2382,1002,287,52
"서울특별시","강남구",소계,총인구수 (명),557151,28865,38751,42780,38276,50168,50909,50132,37472,33268,31075,22895,17639,10563,5130,1918,537,88
"서울특별시","강남구",소계,남자인구수 (명),266448,13997,17829,20568,17476,22375,23882,25118,18688,15894,13983,10261,8269,5016,2125,562,110,20
"서울특별시","강남구",소계,여자인구수 (명),290703,14868,20922,22212,20800,27793,27027,25014,18784,17374,17092,12634,9370,5547,3005,1356,427,68
"서울특별시","송파구",소계,총인구수 (명),652292,32999,49867,55850,49618,56228,48998,53091,47705,47314,42658,28441,19883,12033,5875,2244,575,90
"서울특별시","송파구",소계,남자인구수 (명),312916,16005,22796,26683,23687,27033,23845,25735,22965,22207,19828,13539,9590,5519,2194,562,132,19
"서울특별시","송파구",소계,여자인구수 (명),339376,16994,27071,29167,25931,29195,25153,27356,24740,25107,22830,14902,10293,6514,3681,1682,443,71
"서울특별시","강동구",소계,총인구수 (명),463550,22472,33356,36102,33480,39625,35203,36973,34265,36201,32658,21960,15314,9367,4396,1603,419,80
"서울특별시","강동구",소계,남자인구수 (명),226299,11067,15655,17887,16563,19551,17700,18406,16682,17077,15133,10331,7309,4215,1549,400,71,15
"서울특별시","강동구",소계,여자인구수 (명),237251,11405,17701,18215,16917,20074,17503,18567,17583,19124,17525,11629,8005,5152,2847,1203,348,65
"부산광역시","소계",소계,총인구수 (명),3278280,167637,198787,204755,185111,244795,231657,271916,267973,290867,270909,191037,138450,98224,47792,14851,3394,435
"부산광역시","소계",소계,남자인구수 (명),1596494,85651,102104,106350,94695,123945,116785,134731,129355,137505,126679,87476,61072,39470,15911,3651,560,69
"부산광역시","소계",소계,여자인구수 (명),1681786,81986,96683,98405,90416,120850,114872,137185,138618,153362,144230,103561,77378,58754,31881,11200,2834,366
"부산광역시","중구",소계,총인구수 (명),38090,2140,3062,2582,1659,2074,2167,3055,3193,3680,3968,2960,2243,1689,829,278,75,17
"부산광역시","중구",소계,남자인구수 (명),18484,964,1509,1411,893,1118,1162,1629,1623,1802,1865,1334,937,676,260,76,8,2
"부산광역시","중구",소계,여자인구수 (명),19606,1176,1553,1171,766,956,1005,1426,1570,1878,2103,1626,1306,1013,569,202,67,15
"부산광역시","서구",소계,총인구수 (명),102859,5497,6157,5481,4714,6634,6530,8301,8369,9796,9529,7321,5567,4333,2208,664,177,21
"부산광역시","서구",소계,남자인구수 (명),49438,2635,2992,2816,2407,3386,3328,4269,4232,4764,4375,3308,2370,1667,731,166,23,7
"부산광역시","서구",소계,여자인구수 (명),53421,2862,3165,2665,2307,3248,3202,4032,4137,5032,5154,4013,3197,2666,1477,498,154,14
"부산광역시","동구",소계,총인구수 (명),86719,3566,5473,6120,4766,5695,5424,6988,7020,7919,8028,6145,4842,3789,1883,586,130,16
"부산광역시","동구",소계,남자인구수 (명),42126,1711,2612,3188,2531,3092,2925,3687,3604,3796,3771,2762,2021,1433,596,141,24,4
"부산광역시","동구",소계,여자인구수 (명),44593,1855,2861,2932,2235,2603,2499,3301,3416,4123,4257,3383,2821,2356,1287,445,106,12
"부산광역시","영도구",소계,총인구수 (명),105136,4531,4849,4895,4468,6479,6665,8616,8985,10681,11094,8401,6636,5013,2295,662,164,16
"부산광역시","영도구",소계,남자인구수 (명),51604,2522,2625,2661,2375,3403,3486,4502,4575,5216,5270,3810,2809,1899,777,174,20,2
"부산광역시","영도구",소계,여자인구수 (명),53532,2009,2224,2234,2093,3076,3179,4114,4410,5465,5824,4591,3827,3114,1518,488,144,14
"부산광역시","부산진구",소계,총인구수 (명),361820,20927,28159,28538,22892,25682,23626,28594,27898,30735,28636,20106,14727,10938,5289,1580,331,35
"부산광역시","부산진구",소계,남자인구수 (명),173478,9900,13319,14378,11782,13121,11921,14170,13364,14394,13298,9152,6331,4345,1723,436,49,4
"부산광역시","부산진구",소계,여자인구수 (명),188342,11027,14840,14160,11110,12561,11705,14424,14534,16341,15338,10954,8396,6593,3566,1144,282,31
"부산광역시","동래구",소계,총인구수 (명),269048,12767,14589,15685,15739,21845,20666,22781,21066,21925,20935,15122,10727,7450,3470,1112,233,23
"부산광역시","동래구",소계,남자인구수 (명),129779,6575,7406,7914,7877,10696,10005,11222,9989,10028,9520,6810,4909,3121,1238,270,42,2
"부산광역시","동래구",소계,여자인구수 (명),139269,6192,7183,7771,7862,11149,10661,11559,11077,11897,11415,8312,5818,4329,2232,842,191,21
"부산광역시","남구",소계,총인구수 (명),255774,16698,15391,14217,12967,18446,18727,22060,19874,20868,20338,15120,11451,8309,3892,1111,258,26
"부산광역시","남구",소계,남자인구수 (명),124532,8458,8397,7404,6619,9254,9333,10944,9721,9740,9223,6750,5016,3438,1385,294,38,7
"부산광역시","남구",소계,여자인구수 (명),131242,8240,6994,6813,6348,9192,9394,11116,10153,11128,11115,8370,6435,4871,2507,817,220,19
"부산광역시","북구",소계,총인구수 (명),270327,12767,15899,17215,14964,18219,17804,22526,25665,28088,23742,15275,10214,7144,3441,1088,251,36
"부산광역시","북구",소계,남자인구수 (명),132737,6824,8423,9154,7800,9362,8954,10632,11906,13546,11549,7289,4572,2819,1062,230,45,3
"부산광역시","북구",소계,여자인구수 (명),137590,5943,7476,8061,7164,8857,8850,11894,13759,14542,12193,7986,5642,4325,2379,858,206,33
"부산광역시","해운대구",소계,총인구수 (명),377122,18340,20532,20889,20328,28778,29197,34798,32316,32910,29430,19959,14481,10377,5349,1731,405,53
"부산광역시","해운대구",소계,남자인구수 (명),180660,9691,10529,10587,9941,13733,14083,16420,15226,15432,13774,9089,6346,4016,1771,449,75,11
"부산광역시","해운대구",소계,여자인구수 (명),196462,8649,10003,10302,10387,15045,15114,18378,17090,17478,15656,10870,8135,6361,3578,1282,330,42
"부산광역시","사하구",소계,총인구수 (명),293776,15336,16977,16710,15064,20937,20336,25110,25802,28631,26356,18124,12646,8355,4004,1236,298,42
"부산광역시","사하구",소계,남자인구수 (명),145789,8285,9204,8957,8017,10898,10413,12579,12571,13706,12555,8559,5665,3369,1265,279,46,5
"부산광역시","사하구",소계,여자인구수 (명),147987,7051,7773,7753,7047,10039,9923,12531,13231,14925,13801,9565,6981,4986,2739,957,252,37
"부산광역시","금정구",소계,총인구수 (명),212340,13926,13477,11561,9816,13515,13738,17190,18273,20609,18954,13802,10109,7313,3606,1153,269,37
"부산광역시","금정구",소계,남자인구수 (명),103442,7172,7622,6390,5085,6802,6867,8390,8661,9585,8825,6235,4474,3049,1222,298,43,7
"부산광역시","금정구",소계,여자인구수 (명),108898,6754,5855,5171,4731,6713,6871,8800,9612,11024,10129,7567,5635,4264,2384,855,226,30
"부산광역시","강서구",소계,총인구수 (명),142605,4429,6544,9945,12590,17309,11919,9430,8186,9226,8536,5340,3200,2174,1114,401,94,6
"부산광역시","강서구",소계,남자인구수 (명),73943,2384,3596,5193,6323,9216,6693,5258,4222,4571,4295,2737,1590,890,335,79,22,2
"부산광역시","강서구",소계,여자인구수 (명),68662,2045,2948,4752,6267,8093,5226,4172,3964,4655,4241,2603,1610,1284,779,322,72,4
"부산광역시","연제구",소계,총인구수 (명),212192,10074,12857,14470,13215,16582,15147,17569,16762,17527,16657,12098,8758,6284,2943,874,184,22
"부산광역시","연제구",소계,남자인구수 (명),101235,5097,6217,7115,6748,8226,7377,8509,7879,8007,7575,5423,3845,2620,1094,199,38,2
"부산광역시","연제구",소계,여자인구수 (명),110957,4977,6640,7355,6467,8356,7770,9060,8883,9520,9082,6675,4913,3664,1849,675,146,20
"부산광역시","수영구",소계,총인구수 (명),172945,8469,13131,13082,10267,12400,11435,13715,12945,14165,14507,10811,8388,5690,2834,914,227,30
"부산광역시","수영구",소계,남자인구수 (명),81057,3982,6206,6552,5132,6151,5590,6535,6018,6167,6349,4738,3683,2396,1048,235,48,7
"부산광역시","수영구",소계,여자인구수 (명),91888,4487,6925,6530,5135,6249,5845,7180,6927,7998,8158,6073,4705,3294,1786,679,179,23
"부산광역시","사상구",소계,총인구수 (명),200627,10691,13306,13292,10463,13085,12640,16186,19387,21865,18651,12114,8160,5094,2412,676,136,21
"부산광역시","사상구",소계,남자인구수 (명),100513,5459,7005,7314,5686,6908,6651,8159,9553,10846,9154,5691,3679,2026,709,139,18,1
"부산광역시","사상구",소계,여자인구수 (명),100114,5232,6301,5978,4777,6177,5989,8027,9834,11019,9497,6423,4481,3068,1703,537,118,20
"부산광역시","기장군",소계,총인구수 (명),176900,7479,8384,10073,11199,17115,15636,14997,12232,12242,11548,8339,6301,4272,2223,785,162,34
"부산광역시","기장군",소계,남자인구수 (명),87677,3992,4442,5316,5479,8579,7997,7826,6211,5905,5281,3789,2825,1706,695,186,21,3
"부산광역시","기장군",소계,여자인구수 (명),89223,3487,3942,4757,5720,8536,7639,7171,6021,6337,6267,4550,3476,2566,1528,599,141,31
"대구광역시","소계",소계,총인구수 (명),2366660,128626,144737,147991,133484,173896,175112,211427,208234,204488,166968,117002,83519,65408,34325,11137,2141,256
"대구광역시","소계",소계,남자인구수 (명),1161549,67722,76053,79374,70863,86386,86723,103282,101445,98476,79106,52856,35812,25100,11195,2761,369,36
"대구광역시","소계",소계,여자인구수 (명),1205111,60904,68684,68617,62621,87510,88389,108145,106789,106012,87862,64146,47707,40308,23130,8376,1772,220
"대구광역시","중구",소계,총인구수 (명),93338,5483,7664,8469,7240,7480,6154,7171,6185,5965,5305,4046,3406,2728,1450,466,107,19
"대구광역시","중구",소계,남자인구수 (명),44677,2498,3603,4215,3844,3920,3022,3492,3023,2806,2435,1708,1365,1098,476,126,28,4
"대구광역시","중구",소계,여자인구수 (명),48661,2985,4061,4254,3396,3560,3132,3679,3162,3159,2870,2338,2041,1630,974,340,79,15
"대구광역시","동구",소계,총인구수 (명),343392,16090,20403,23545,20758,25290,23838,28425,28785,29797,26479,19492,14236,11157,5616,1745,338,39
"대구광역시","동구",소계,남자인구수 (명),168181,8468,10536,12630,11124,13067,12186,14080,13919,13982,12205,8705,6124,4335,1837,445,62,6
"대구광역시","동구",소계,여자인구수 (명),175211,7622,9867,10915,9634,12223,11652,14345,14866,15815,14274,10787,8112,6822,3779,1300,276,33
"대구광역시","서구",소계,총인구수 (명),162903,6870,9571,10300,8166,9886,10041,13503,16232,18043,15273,11138,7778,5981,2923,836,168,17
"대구광역시","서구",소계,남자인구수 (명),80819,3719,5067,5861,4659,5338,5373,6995,8080,8786,7052,4917,3295,2264,936,185,21,0
"대구광역시","서구",소계,여자인구수 (명),82084,3151,4504,4439,3507,4548,4668,6508,8152,9257,8221,6221,4483,3717,1987,651,147,17
"대구광역시","남구",소계,총인구수 (명),136582,7531,9714,9049,6929,8604,8692,11520,11574,12413,11695,8786,6758,5556,3057,1010,207,20
"대구광역시","남구",소계,남자인구수 (명),65175,3563,4718,4878,3801,4316,4312,5735,5676,5792,5314,3853,2752,2126,1037,270,41,1
"대구광역시","남구",소계,여자인구수 (명),71407,3968,4996,4171,3128,4288,4380,5785,5898,6621,6381,4933,4006,3430,2020,740,166,19
"대구광역시","북구",소계,총인구수 (명),416109,27048,27485,25504,22767,29511,31582,39981,37763,35184,26960,18269,13241,10446,5181,1650,325,39
"대구광역시","북구",소계,남자인구수 (명),206170,14283,14897,13861,12304,14694,15468,19554,18673,17172,13004,8341,5507,3922,1702,378,49,6
"대구광역시","북구",소계,여자인구수 (명),209939,12765,12588,11643,10463,14817,16114,20427,19090,18012,13956,9928,7734,6524,3479,1272,276,33
"대구광역시","수성구",소계,총인구수 (명),408215,23456,22347,21096,20161,31050,33794,39361,35544,31748,26029,18504,13468,10788,5933,2085,402,48
"대구광역시","수성구",소계,남자인구수 (명),196428,12702,11657,10881,9913,14101,15800,18318,17150,15170,12140,8262,5722,4248,2057,596,75,5
"대구광역시","수성구",소계,여자인구수 (명),211787,10754,10690,10215,10248,16949,17994,21043,18394,16578,13889,10242,7746,6540,3876,1489,327,43
"대구광역시","달서구",소계,총인구수 (명),524448,30799,33368,32319,28258,37237,39243,48846,49097,47676,36349,24180,16051,12094,6358,2018,359,43
"대구광역시","달서구",소계,남자인구수 (명),257015,16135,17573,17585,14931,18237,19112,23443,23405,22873,17465,11009,7060,4639,1995,484,57,8
"대구광역시","달서구",소계,여자인구수 (명),267433,14664,15795,14734,13327,19000,20131,25403,25692,24803,18884,13171,8991,7455,4363,1534,302,35
"대구광역시","달성군",소계,총인구수 (명),259024,10898,13635,17119,18616,24093,20800,21130,20685,20591,15828,10271,6801,4900,2677,951,176,26
"대구광역시","달성군",소계,남자인구수 (명),131377,6072,7673,9106,9956,12306,10866,10828,10158,10210,7827,4903,3130,1792,818,193,25,6
"대구광역시","달성군",소계,여자인구수 (명),127647,4826,5962,8013,8660,11787,9934,10302,10527,10381,8001,5368,3671,3108,1859,758,151,20
"대구광역시","군위군",소계,총인구수 (명),22649,451,550,590,589,745,968,1490,2369,3071,3050,2316,1780,1758,1130,376,59,5
"대구광역시","군위군",소계,남자인구수 (명),11707,282,329,357,331,407,584,837,1361,1685,1664,1158,857,676,337,84,11,0
"대구광역시","군위군",소계,여자인구수 (명),10942,169,221,233,258,338,384,653,1008,1386,1386,1158,923,1082,793,292,48,5
"인천광역시","소계",소계,총인구수 (명),3012997,155972,200603,220355,198648,247187,230501,263472,254542,254277,198423,118241,87458,62409,34677,12630,3049,496
"인천광역시","소계",소계,남자인구수 (명),1505953,80427,103957,115529,103137,127388,118237,132846,125345,126565,96988,56315,39257,24484,10937,2855,547,96
"인천광역시","소계",소계,여자인구수 (명),1507044,75545,96646,104826,95511,119799,112264,130626,129197,127712,101435,61926,48201,37925,23740,9775,2502,400
"인천광역시","중구",소계,총인구수 (명),164722,8429,12635,14169,12389,14829,13501,13656,11280,10610,9248,6072,4761,3250,1677,647,162,34
"인천광역시","중구",소계,남자인구수 (명),85158,4064,6453,7759,6653,7887,7341,7594,6148,5573,4507,2959,2139,1352,536,147,26,7
"인천광역시","중구",소계,여자인구수 (명),79564,4365,6182,6410,5736,6942,6160,6062,5132,5037,4741,3113,2622,1898,1141,500,136,27
"인천광역시","동구",소계,총인구수 (명),58666,2665,3206,3375,3071,4256,4400,5091,4754,5169,5024,3584,3045,2239,1146,395,83,19
"인천광역시","동구",소계,남자인구수 (명),29382,1383,1700,1824,1651,2262,2361,2728,2467,2589,2399,1572,1345,910,352,75,10,6
"인천광역시","동구",소계,여자인구수 (명),29284,1282,1506,1551,1420,1994,2039,2363,2287,2580,2625,2012,1700,1329,794,320,73,13
"인천광역시","미추홀구",소계,총인구수 (명),409662,22361,28366,30186,26128,32616,30008,35217,33093,34244,29419,18998,15181,10733,5627,1941,486,64
"인천광역시","미추홀구",소계,남자인구수 (명),206104,11732,15054,16238,14064,17517,15794,18194,16567,16667,13960,8650,6715,4281,1921,445,101,13
"인천광역시","미추홀구",소계,여자인구수 (명),203558,10629,13312,13948,12064,15099,14214,17023,16526,17577,15459,10348,8466,6452,3706,1496,385,51
"인천광역시","연수구",소계,총인구수 (명),396468,22391,24332,26983,27993,36177,33107,35580,31341,29930,20849,11025,7716,5589,3244,1325,327,53
"인천광역시","연수구",소계,남자인구수 (명),196446,11559,12642,13658,13746,17629,16416,17437,15248,14969,10578,5480,3441,2217,965,289,69,8
"인천광역시","연수구",소계,여자인구수 (명),200022,10832,11690,13325,14247,18548,16691,18143,16093,14961,10271,5545,4275,3372,2279,1036,258,45
"인천광역시","남동구",소계,총인구수 (명),488183,25419,32775,32880,28174,38822,39031,43911,42602,42728,34236,20849,15152,10485,5561,1969,483,73
"인천광역시","남동구",소계,남자인구수 (명),242398,12957,17096,17659,14591,19720,19953,22053,20714,21022,16290,9770,6744,4028,1742,421,87,14
"인천광역시","남동구",소계,여자인구수 (명),245785,12462,15679,15221,13583,19102,19078,21858,21888,21706,17946,11079,8408,6457,3819,1548,396,59
"인천광역시","부평구",소계,총인구수 (명),493857,25082,34972,39858,32848,37505,34996,42800,43948,44412,34754,20813,15134,10958,6138,2156,490,89
"인천광역시","부평구",소계,남자인구수 (명),242957,12752,17718,20591,17270,19345,17562,20945,20917,21749,16511,9699,6722,4253,1855,519,71,16
"인천광역시","부평구",소계,여자인구수 (명),250900,12330,17254,19267,15578,18160,17434,21855,23031,22663,18243,11114,8412,6705,4283,1637,419,73
"인천광역시","계양구",소계,총인구수 (명),281311,15076,19854,20657,16243,19487,19865,26112,28885,30008,20540,10802,7486,5647,3344,1179,285,47
"인천광역시","계양구",소계,남자인구수 (명),139904,7872,10437,10928,8635,10040,9962,12779,13764,14852,10458,5311,3369,2013,1003,254,58,8
"인천광역시","계양구",소계,여자인구수 (명),141407,7204,9417,9729,7608,9447,9903,13333,15121,15156,10082,5491,4117,3634,2341,925,227,39
"인천광역시","서구",소계,총인구수 (명),631165,31229,41040,48893,48672,59151,50779,54791,50642,46497,33902,18946,12935,8719,4902,1797,477,82
"인천광역시","서구",소계,남자인구수 (명),317689,16083,20724,24913,24824,30637,26120,27599,25336,23653,16939,9227,5904,3393,1469,395,79,16
"인천광역시","서구",소계,여자인구수 (명),313476,15146,20316,23980,23848,28514,24659,27192,25306,22844,16963,9719,7031,5326,3433,1402,398,66
"인천광역시","강화군",소계,총인구수 (명),68771,2163,2218,2419,2369,3382,3649,4921,6094,8209,8084,5666,4877,3995,2527,995,180,23
"인천광역시","강화군",소계,남자인구수 (명),34400,1207,1268,1320,1223,1739,1971,2685,3095,4126,4064,2851,2319,1686,936,256,30,7
"인천광역시","강화군",소계,여자인구수 (명),34371,956,950,1099,1146,1643,1678,2236,2999,4083,4020,2815,2558,2309,1591,739,150,16
"인천광역시","옹진군",소계,총인구수 (명),20192,1157,1205,935,761,962,1165,1393,1903,2470,2367,1486,1171,794,511,226,76,12
"인천광역시","옹진군",소계,남자인구수 (명),11515,818,865,639,480,612,757,832,1089,1365,1282,796,559,351,158,54,16,1
"인천광역시","옹진군",소계,여자인구수 (명),8677,339,340,296,281,350,408,561,814,1105,1085,690,612,443,353,172,60,11
"광주광역시","소계",소계,총인구수 (명),1412986,87214,98283,91952,81697,111590,111473,127353,115710,104912,83268,56012,45230,32221,16984,6009,1264,198
"광주광역시","소계",소계,남자인구수 (명),697557,45544,51229,48260,41629,55973,55216,63189,57110,50901,39253,25199,19634,12862,5661,1444,231,23
"광주광역시","소계",소계,여자인구수 (명),715429,41670,47054,43692,40068,55617,56257,64164,58600,54011,44015,30813,25596,19359,11323,4565,1033,175
"광주광역시","동구",소계,총인구수 (명),106388,6635,7879,7463,6693,7467,6861,8103,7863,8107,7622,5571,4941,3805,1922,686,138,18
"광주광역시","동구",소계,남자인구수 (명),52309,3362,4023,3810,3446,3904,3617,4096,3876,3815,3604,2460,2125,1604,771,222,29,3
"광주광역시","동구",소계,여자인구수 (명),54079,3273,3856,3653,3247,3563,3244,4007,3987,4292,4018,3111,2816,2201,1151,464,109,15
"광주광역시","서구",소계,총인구수 (명),280880,17797,21426,18389,15207,21150,21797,26205,23934,21455,17189,11579,9232,6493,3416,1226,279,42
"광주광역시","서구",소계,남자인구수 (명),137307,9152,10954,9711,7691,10516,10499,12694,11681,10241,7927,5199,3993,2616,1145,310,58,3
"광주광역시","서구",소계,여자인구수 (명),143573,8645,10472,8678,7516,10634,11298,13511,12253,11214,9262,6380,5239,3877,2271,916,221,39
"광주광역시","남구",소계,총인구수 (명),207774,11165,12313,11686,11182,16625,16191,17061,15636,16002,14174,10348,8525,5968,3170,1094,249,46
"광주광역시","남구",소계,남자인구수 (명),99328,5720,6250,5978,5484,8024,8067,8320,7374,7284,6415,4545,3694,2500,1103,273,41,9
"광주광역시","남구",소계,여자인구수 (명),108446,5445,6063,5708,5698,8601,8124,8741,8262,8718,7759,5803,4831,3468,2067,821,208,37
"광주광역시","북구",소계,총인구수 (명),424331,25369,28985,28601,25288,32487,31445,36853,35713,34139,27253,18168,14381,10021,5214,1843,368,51
"광주광역시","북구",소계,남자인구수 (명),209822,13390,15200,14955,13068,16677,15687,18209,17539,16248,12833,8264,6285,4013,1716,432,65,4
"광주광역시","북구",소계,여자인구수 (명),214509,11979,13785,13646,12220,15810,15758,18644,18174,17891,14420,9904,8096,6008,3498,1411,303,47
"광주광역시","광산구",소계,총인구수 (명),393613,26248,27680,25813,23327,33861,35179,39131,32564,25209,17030,10346,8151,5934,3262,1160,230,41
"광주광역시","광산구",소계,남자인구수 (명),198791,13920,14802,13806,11940,16852,17346,19870,16640,13313,8474,4731,3537,2129,926,207,38,4
"광주광역시","광산구",소계,여자인구수 (명),194822,12328,12878,12007,11387,17009,17833,19261,15924,11896,8556,5615,4614,3805,2336,953,192,37
"대전광역시","소계",소계,총인구수 (명),1439889,89411,106555,101562,87673,107694,108018,126748,117769,111918,92306,59830,42905,32225,17680,6195,1334,217
"대전광역시","소계",소계,남자인구수 (명),717887,46058,56374,54277,46042,54199,53635,63453,58372,54803,44309,28020,19242,12926,5899,1621,259,36
"대전광역시","소계",소계,여자인구수 (명),722002,43353,50181,47285,41631,53495,54383,63295,59397,57115,47997,31810,23663,19299,11781,4574,1075,181
"대전광역시","동구",소계,총인구수 (명),215809,14745,13475,12606,10953,14784,15377,18483,17884,18441,16546,11716,8736,6810,3601,1161,249,45
"대전광역시","동구",소계,남자인구수 (명),108645,7692,7348,6847,5927,7722,7964,9722,9236,9144,7925,5398,3888,2738,1191,297,48,11
"대전광역시","동구",소계,여자인구수 (명),107164,7053,6127,5759,5026,7062,7413,8761,8648,9297,8621,6318,4848,4072,2410,864,201,34
"대전광역시","중구",소계,총인구수 (명),223100,12106,14473,13156,11186,15157,16448,19905,18907,18555,16880,12249,9790,7321,4026,1370,251,49
"대전광역시","중구",소계,남자인구수 (명),109432,6260,7189,6841,5817,7608,8304,10220,9468,9135,7950,5536,4313,2948,1428,396,46,11
"대전광역시","중구",소계,여자인구수 (명),113668,5846,7284,6315,5369,7549,8144,9685,9439,9420,8930,6713,5477,4373,2598,974,205,38
"대전광역시","서구",소계,총인구수 (명),461421,28973,37584,34553,28709,35421,35331,40649,36578,34237,27880,17684,12232,8901,4862,1757,406,49
"대전광역시","서구",소계,남자인구수 (명),226301,14407,19150,18123,14762,17371,17045,19848,17524,16365,13182,8277,5527,3644,1619,457,83,8
"대전광역시","서구",소계,여자인구수 (명),235120,14566,18434,16430,13947,18050,18286,20801,19054,17872,14698,9407,6705,5257,3243,1300,323,41
"대전광역시","유성구",소계,총인구수 (명),369621,23869,29798,30637,27829,31309,28846,31407,27521,24542,18057,10263,6465,4822,2814,1134,256,39
"대전광역시","유성구",소계,남자인구수 (명),187196,12460,16458,16480,14557,15662,14206,15446,13597,12118,8832,5069,3013,1927,889,276,48,4
"대전광역시","유성구",소계,여자인구수 (명),182425,11409,13340,14157,13272,15647,14640,15961,13924,12424,9225,5194,3452,2895,1925,858,208,35
"대전광역시","대덕구",소계,총인구수 (명),169938,9718,11225,10610,8996,11023,12016,16304,16879,16143,12943,7918,5682,4371,2377,773,172,35
"대전광역시","대덕구",소계,남자인구수 (명),86313,5239,6229,5986,4979,5836,6116,8217,8547,8041,6420,3740,2501,1669,772,195,34,2
"대전광역시","대덕구",소계,여자인구수 (명),83625,4479,4996,4624,4017,5187,5900,8087,8332,8102,6523,4178,3181,2702,1605,578,138,33
"울산광역시","소계",소계,총인구수 (명),1099866,52835,66229,69886,66668,89744,85364,100067,104056,97431,75423,46061,28826,19327,9428,3213,681,87
"울산광역시","소계",소계,남자인구수 (명),565679,30057,38029,38826,35734,46370,44018,49760,52657,49704,37550,22551,13645,7671,2809,686,96,11
"울산광역시","소계",소계,여자인구수 (명),534187,22778,28200,31060,30934,43374,41346,50307,51399,47727,37873,23510,15181,11656,6619,2527,585,76
"울산광역시","중구",소계,총인구수 (명),207543,9141,11855,12714,11861,15820,15152,18438,20113,19563,16185,10497,6751,4573,2111,686,133,11
"울산광역시","중구",소계,남자인구수 (명),105029,5244,6662,6973,6261,8143,7755,9098,9987,9745,7718,5022,3059,1815,690,157,13,2
"울산광역시","중구",소계,여자인구수 (명),102514,3897,5193,5741,5600,7677,7397,9340,10126,9818,8467,5475,3692,2758,1421,529,120,9
"울산광역시","남구",소계,총인구수 (명),304993,16307,20993,21675,18711,23350,22380,28810,29657,27068,20720,12684,7742,4985,2277,724,145,15
"울산광역시","남구",소계,남자인구수 (명),155763,9227,11883,12113,10066,11951,11066,13856,14910,13524,10166,6088,3666,2023,725,180,18,1
"울산광역시","남구",소계,여자인구수 (명),149230,7080,9110,9562,8645,11399,11314,14954,14747,13544,10554,6596,4076,2962,1552,544,127,14
"울산광역시","동구",소계,총인구수 (명),151415,6623,8523,8548,9767,14287,12459,12327,12156,13440,11566,6980,4091,2375,995,327,68,16
"울산광역시","동구",소계,남자인구수 (명),79020,3678,4915,4851,5396,7693,6802,6579,6048,6438,5735,3530,2073,1020,274,67,9,3
"울산광역시","동구",소계,여자인구수 (명),72395,2945,3608,3697,4371,6594,5657,5748,6108,7002,5831,3450,2018,1355,721,260,59,13
"울산광역시","북구",소계,총인구수 (명),216859,9774,13058,14942,14972,20668,18429,18777,20138,16941,10593,5810,3694,2480,1314,449,110,19
"울산광역시","북구",소계,남자인구수 (명),112435,5734,7756,8142,7925,10383,9637,9178,10103,9145,5486,2876,1697,965,336,85,20,2
"울산광역시","북구",소계,여자인구수 (명),104424,4040,5302,6800,7047,10285,8792,9599,10035,7796,5107,2934,1997,1515,978,364,90,17
"울산광역시","울주군",소계,총인구수 (명),219056,10990,11800,12007,11357,15619,16944,21715,21992,20419,16359,10090,6548,4914,2731,1027,225,26
"울산광역시","울주군",소계,남자인구수 (명),113432,6174,6813,6747,6086,8200,8758,11049,11609,10852,8445,5035,3150,1848,784,197,36,3
"울산광역시","울주군",소계,여자인구수 (명),105624,4816,4987,5260,5271,7419,8186,10666,10383,9567,7914,5055,3398,3066,1947,830,189,23
"세종특별자치시","소계",소계,총인구수 (명),388788,17606,19564,27694,31396,41026,36131,32249,23963,21185,16865,10318,6894,5243,3158,1274,315,39
"세종특별자치시","소계",소계,남자인구수 (명),193538,9179,9700,13634,15532,19971,18065,17032,12337,10677,8283,4988,3199,2071,977,276,55,3
"세종특별자치시","소계",소계,여자인구수 (명),195250,8427,9864,14060,15864,21055,18066,15217,11626,10508,8582,5330,3695,3172,2181,998,260,36
"세종특별자치시","세종특별자치시",소계,총인구수 (명),388788,17606,19564,27694,31396,41026,36131,32249,23963,21185,16865,10318,6894,5243,3158,1274,315,39
"세종특별자치시","세종특별자치시",소계,남자인구수 (명),193538,9179,9700,13634,15532,19971,18065,17032,12337,10677,8283,4988,3199,2071,977,276,55,3
"세종특별자치시","세종특별자치시",소계,여자인구수 (명),195250,8427,9864,14060,15864,21055,18066,15217,11626,10508,8582,5330,3695,3172,2181,998,260,36
"경기도","소계",소계,총인구수 (명),13669469,734176,914990,978645,914756,1146051,1083718,1230259,1126230,1055435,823394,502074,376820,278963,155657,54468,12558,1961
"경기도","소계",소계,남자인구수 (명),6872643,381502,484603,516876,472098,586840,550558,622553,564590,531550,406008,238150,169427,112066,52579,13947,2417,448
"경기도","소계",소계,여자인구수 (명),6796826,352674,430387,461769,442658,559211,533160,607706,561640,523885,417386,263924,207393,166897,103078,40521,10141,1513
"경기도","수원시",소계,총인구수 (명),1196671,73987,99068,101815,84327,97755,93735,105539,97389,87675,62762,37377,27559,19974,11118,3845,892,145
"경기도","수원시",소계,남자인구수 (명),601857,38051,52178,54483,44245,49835,47099,52665,47796,44004,30622,17445,12121,7792,3590,969,164,29
"경기도","수원시",소계,여자인구수 (명),594814,35936,46890,47332,40082,47920,46636,52874,49593,43671,32140,19932,15438,12182,7528,2876,728,116
"경기도","수원시",장안구,총인구수 (명),275027,18844,21577,19420,15900,19606,21170,25795,24799,22098,16195,9929,7596,5869,3376,1169,274,45
"경기도","수원시",장안구,남자인구수 (명),138034,10089,11911,10497,8418,9849,10436,12804,12268,11094,7875,4571,3272,2298,1126,284,44,10
"경기도","수원시",장안구,여자인구수 (명),136993,8755,9666,8923,7482,9757,10734,12991,12531,11004,8320,5358,4324,3571,2250,885,230,35
"경기도","수원시",권선구,총인구수 (명),364670,19747,29285,31438,25913,30609,27696,31324,31138,29046,20971,12197,8715,5968,3305,1155,265,33
"경기도","수원시",권선구,남자인구수 (명),184234,10171,15148,17023,13791,15996,14316,15674,14986,14557,10283,5779,3913,2336,1046,299,52,6
"경기도","수원시",권선구,여자인구수 (명),180436,9576,14137,14415,12122,14613,13380,15650,16152,14489,10688,6418,4802,3632,2259,856,213,27
"경기도","수원시",팔달구,총인구수 (명),195393,12037,17712,18194,13994,14278,13588,16677,15806,15261,11885,7701,5787,4240,2251,727,171,32
"경기도","수원시",팔달구,남자인구수 (명),98315,5985,9036,9810,7636,7621,6898,8472,7998,7584,5640,3540,2562,1656,723,195,36,5
"경기도","수원시",팔달구,여자인구수 (명),97078,6052,8676,8384,6358,6657,6690,8205,7808,7677,6245,4161,3225,2584,1528,532,135,27
"경기도","수원시",영통구,총인구수 (명),361581,23359,30494,32763,28520,33262,31281,31743,25646,21270,13711,7550,5461,3897,2186,794,182,35
"경기도","수원시",영통구,남자인구수 (명),181274,11806,16083,17153,14400,16369,15449,15715,12544,10769,6824,3555,2374,1502,695,191,32,8
"경기도","수원시",영통구,여자인구수 (명),180307,11553,14411,15610,14120,16893,15832,16028,13102,10501,6887,3995,3087,2395,1491,603,150,27
"경기도","성남시",소계,총인구수 (명),916615,48689,65371,70832,63758,74485,70520,81508,72877,70539,58111,36495,27859,19545,10680,3954,906,136
"경기도","성남시",소계,남자인구수 (명),453606,24687,33746,36943,32291,37112,34900,40545,36160,34526,28416,17123,12335,8183,3788,1040,202,37
"경기도","성남시",소계,여자인구수 (명),463009,24002,31625,33889,31467,37373,35620,40963,36717,36013,29695,19372,15524,11362,6892,2914,704,99
"경기도","성남시",수정구,총인구수 (명),236915,12752,17712,19615,17026,18449,16543,19907,19482,20015,16931,10938,8107,5399,2572,862,188,33
"경기도","성남시",수정구,남자인구수 (명),119955,6572,9472,10478,9096,9769,8759,10288,9930,9979,8245,5107,3576,2210,840,200,36,5
"경기도","성남시",수정구,여자인구수 (명),116960,6180,8240,9137,7930,8680,7784,9619,9552,10036,8686,5831,4531,3189,1732,662,152,28
"경기도","성남시",중원구,총인구수 (명),208926,10598,15684,17115,14808,15986,14353,17543,17888,18568,15421,9662,7091,4880,2348,727,182,36
"경기도","성남시",중원구,남자인구수 (명),105464,5428,8191,9242,7988,8514,7467,9029,8898,9137,7553,4536,3190,1987,788,159,33,9
"경기도","성남시",중원구,여자인구수 (명),103462,5170,7493,7873,6820,7472,6886,8514,8990,9431,7868,5126,3901,2893,1560,568,149,27
"경기도","성남시",분당구,총인구수 (명),470774,25339,31975,34102,31924,40050,39624,44058,35507,31956,25759,15895,12661,9266,5760,2365,536,67
"경기도","성남시",분당구,남자인구수 (명),228187,12687,16083,17223,15207,18829,18674,21228,17332,15410,12618,7480,5569,3986,2160,681,133,23
"경기도","성남시",분당구,여자인구수 (명),242587,12652,15892,16879,16717,21221,20950,22830,18175,16546,13141,8415,7092,5280,3600,1684,403,44
"경기도","의정부시",소계,총인구수 (명),460663,25879,31500,31479,28217,35645,33908,42507,40030,38171,30318,18916,15324,11512,6125,1983,430,70
"경기도","의정부시",소계,남자인구수 (명),226220,12987,15817,16262,14427,18400,17035,20855,19499,18617,14505,8669,6572,4546,2116,521,89,11
"경기도","의정부시",소계,여자인구수 (명),234443,12892,15683,15217,13790,17245,16873,21652,20531,19554,15813,10247,8752,6966,4009,1462,341,59
"경기도","안양시",소계,총인구수 (명),548005,29599,37242,41828,38199,42149,40092,48383,46752,46588,36820,21875,15270,10845,6173,2289,516,63
"경기도","안양시",소계,남자인구수 (명),270324,15193,19373,21602,19725,21318,19682,23446,22536,22395,17918,10679,6849,4275,1978,551,96,12
"경기도","안양시",소계,여자인구수 (명),277681,14406,17869,20226,18474,20831,20410,24937,24216,24193,18902,11196,8421,6570,4195,1738,420,51
"경기도","안양시",만안구,총인구수 (명),228360,12321,16006,17348,15028,16234,15149,19408,20691,21467,17354,10842,7781,5503,3054,1053,229,32
"경기도","안양시",만안구,남자인구수 (명),113871,6261,8470,9186,7953,8615,7775,9570,10014,10523,8396,5306,3509,2241,983,268,37,2
"경기도","안양시",만안구,여자인구수 (명),114489,6060,7536,8162,7075,7619,7374,9838,10677,10944,8958,5536,4272,3262,2071,785,192,30
"경기도","안양시",동안구,총인구수 (명),319645,17278,21236,24480,23171,25915,24943,28975,26061,25121,19466,11033,7489,5342,3119,1236,287,31
"경기도","안양시",동안구,남자인구수 (명),156453,8932,10903,12416,11772,12703,11907,13876,12522,11872,9522,5373,3340,2034,995,283,59,10
"경기도","안양시",동안구,여자인구수 (명),163192,8346,10333,12064,11399,13212,13036,15099,13539,13249,9944,5660,4149,3308,2124,953,228,21
"경기도","부천시",소계,총인구수 (명),773689,40645,54133,56069,49934,59436,56207,68648,69917,72126,57071,32813,22228,15527,8470,3016,730,113
"경기도","부천시",소계,남자인구수 (명),382151,20800,27631,29126,25849,30365,28213,33872,33466,34988,27783,15818,10197,6038,2556,705,127,17
"경기도","부천시",소계,여자인구수 (명),391538,19845,26502,26943,24085,29071,27994,34776,36451,37138,29288,16995,12031,9489,5914,2311,603,96
"경기도","부천시",원미구,총인구수 (명),391781,21479,28823,29815,26498,30410,28493,34732,34757,35849,27668,15498,10201,7070,3873,1484,364,57
"경기도","부천시",원미구,남자인구수 (명),192511,10845,14411,15287,13529,15343,14096,16905,16670,17346,13569,7570,4701,2772,1182,346,49,7
"경기도","부천시",원미구,여자인구수 (명),199270,10634,14412,14528,12969,15067,14397,17827,18087,18503,14099,7928,5500,4298,2691,1138,315,50
"경기도","부천시",소사구,총인구수 (명),228543,10854,14066,15867,15232,18896,17362,19073,18972,20113,17317,10646,7272,4902,2668,906,224,40
"경기도","부천시",소사구,남자인구수 (명),112200,5539,7245,8107,7819,9636,8788,9440,8822,9531,8167,5059,3419,2006,840,229,46,9
"경기도","부천시",소사구,여자인구수 (명),116343,5315,6821,7760,7413,9260,8574,9633,10150,10582,9150,5587,3853,2896,1828,677,178,31
"경기도","부천시",오정구,총인구수 (명),153365,8312,11244,10387,8204,10130,10352,14843,16188,16164,12086,6669,4755,3555,1929,626,142,16
"경기도","부천시",오정구,남자인구수 (명),77440,4416,5975,5732,4501,5386,5329,7527,7974,8111,6047,3189,2077,1260,534,130,32,1
"경기도","부천시",오정구,여자인구수 (명),75925,3896,5269,4655,3703,4744,5023,7316,8214,8053,6039,3480,2678,2295,1395,496,110,15
"경기도","광명시",소계,총인구수 (명),278151,15315,17029,18697,17742,22656,22476,25595,22999,21833,18651,11528,8086,5731,3019,1082,245,44
"경기도","광명시",소계,남자인구수 (명),136338,7923,8674,9678,9006,11145,10929,12645,11392,10540,8743,5346,3641,2217,949,234,54,10
"경기도","광명시",소계,여자인구수 (명),141813,7392,8355,9019,8736,11511,11547,12950,11607,11293,9908,6182,4445,3514,2070,848,191,34
"경기도","평택시",소계,총인구수 (명),594712,31180,44427,49657,44274,52397,47751,52718,46928,40617,29656,18097,13556,10694,6167,2016,475,70
"경기도","평택시",소계,남자인구수 (명),312416,16876,25718,28486,24541,28574,25685,28036,24509,21202,14826,8404,5915,4160,1964,505,93,19
"경기도","평택시",소계,여자인구수 (명),282296,14304,18709,21171,19733,23823,22066,24682,22419,19415,14830,9693,7641,6534,4203,1511,382,51
"경기도","동두천시",소계,총인구수 (명),87321,4462,4824,4509,4009,5681,6106,8003,7945,8105,7003,4684,4111,3502,1874,588,158,20
"경기도","동두천시",소계,남자인구수 (명),43531,2336,2660,2552,2062,2873,3150,4130,4238,4135,3449,2112,1729,1292,646,148,36,3
"경기도","동두천시",소계,여자인구수 (명),43790,2126,2164,1957,1947,2808,2956,3873,3707,3970,3554,2572,2382,2210,1228,440,122,17
"경기도","안산시",소계,총인구수 (명),624788,40540,49873,46718,36333,44051,46987,61775,63062,55971,37413,19966,13951,10792,6322,2297,538,92
"경기도","안산시",소계,남자인구수 (명),320093,21083,26966,25825,19894,23353,24203,30721,31712,29450,19390,9630,6186,4040,1848,520,94,21
"경기도","안산시",소계,여자인구수 (명),304695,19457,22907,20893,16439,20698,22784,31054,31350,26521,18023,10336,7765,6752,4474,1777,444,71
"경기도","안산시",상록구,총인구수 (명),329841,22400,26451,23349,17722,22711,24882,33276,34017,29658,19785,10576,7866,6243,3621,1292,308,59
"경기도","안산시",상록구,남자인구수 (명),168304,11633,14374,13038,9588,11876,12777,16553,17028,15685,10205,5052,3410,2298,1077,321,56,13
"경기도","안산시",상록구,여자인구수 (명),161537,10767,12077,10311,8134,10835,12105,16723,16989,13973,9580,5524,4456,3945,2544,971,252,46
"경기도","안산시",단원구,총인구수 (명),294947,18140,23422,23369,18611,21340,22105,28499,29045,26313,17628,9390,6085,4549,2701,1005,230,33
"경기도","안산시",단원구,남자인구수 (명),151789,9450,12592,12787,10306,11477,11426,14168,14684,13765,9185,4578,2776,1742,771,199,38,8
"경기도","안산시",단원구,여자인구수 (명),143158,8690,10830,10582,8305,9863,10679,14331,14361,12548,8443,4812,3309,2807,1930,806,192,25
"경기도","고양시",소계,총인구수 (명),1071802,58495,71893,75894,68573,82819,81961,103397,95561,88325,65332,37206,30123,24970,15183,5330,1195,161
"경기도","고양시",소계,남자인구수 (명),522495,29617,36107,38036,34273,40989,39740,50071,46214,44076,32582,17496,12692,9542,5091,1457,253,46
"경기도","고양시",소계,여자인구수 (명),549307,28878,35786,37858,34300,41830,42221,53326,49347,44249,32750,19710,17431,15428,10092,3873,942,115
"경기도","고양시",덕양구,총인구수 (명),493550,24679,31994,37462,34986,40429,36902,44133,41916,40003,30819,18431,14915,11844,6746,2283,510,69
"경기도","고양시",덕양구,남자인구수 (명),242422,12607,16055,18747,17622,20585,18478,21870,20480,20015,15118,8662,6332,4602,2221,580,99,19
"경기도","고양시",덕양구,여자인구수 (명),251128,12072,15939,18715,17364,19844,18424,22263,21436,19988,15701,9769,8583,7242,4525,1703,411,50
"경기도","고양시",일산동구,총인구수 (명),294352,16716,21254,20834,18070,21891,22894,29545,26892,24699,17605,9658,7474,6396,4137,1583,367,47
"경기도","고양시",일산동구,남자인구수 (명),142778,8261,10550,10296,8985,10703,10906,14212,12859,12316,8949,4646,3112,2415,1381,443,72,16
"경기도","고양시",일산동구,여자인구수 (명),151574,8455,10704,10538,9085,11188,11988,15333,14033,12383,8656,5012,4362,3981,2756,1140,295,31
"경기도","고양시",일산서구,총인구수 (명),283900,17100,18645,17598,15517,20499,22165,29719,26753,23623,16908,9117,7734,6730,4300,1464,318,45
"경기도","고양시",일산서구,남자인구수 (명),137295,8749,9502,8993,7666,9701,10356,13989,12875,11745,8515,4188,3248,2525,1489,434,82,11
"경기도","고양시",일산서구,여자인구수 (명),146605,8351,9143,8605,7851,10798,11809,15730,13878,11878,8393,4929,4486,4205,2811,1030,236,34
"경기도","과천시",소계,총인구수 (명),85132,4383,5151,6328,6907,7369,5820,6846,6543,6236,4765,2800,1944,1507,939,375,105,9
"경기도","과천시",소계,남자인구수 (명),41628,2213,2631,3038,3366,3633,2883,3291,3131,3051,2367,1372,863,613,334,105,21,4
"경기도","과천시",소계,여자인구수 (명),43504,2170,2520,3290,3541,3736,2937,3555,3412,3185,2398,1428,1081,894,605,270,84,5
"경기도","구리시",소계,총인구수 (명),186408,9890,12633,12782,11363,14874,14343,17266,17008,16267,12372,7378,5511,4070,2050,666,125,26
"경기도","구리시",소계,남자인구수 (명),92196,4944,6439,6573,5807,7543,7196,8392,8274,8096,6110,3519,2389,1621,739,174,30,9
"경기도","구리시",소계,여자인구수 (명),94212,4946,6194,6209,5556,7331,7147,8874,8734,8171,6262,3859,3122,2449,1311,492,95,17
"경기도","남양주시",소계,총인구수 (명),733244,38766,41800,42060,42780,63222,62817,69128,60132,55051,45319,29831,22717,16451,8402,2810,694,129
"경기도","남양주시",소계,남자인구수 (명),363318,20235,21363,21432,21024,31157,31265,35113,30377,27641,21708,13837,10244,6785,2909,736,129,29
"경기도","남양주시",소계,여자인구수 (명),369926,18531,20437,20628,21756,32065,31552,34015,29755,27410,23611,15994,12473,9666,5493,2074,565,100
"경기도","오산시",소계,총인구수 (명),237798,12756,16374,18944,18407,23902,21390,20926,17286,14827,10992,6488,4886,3560,1875,573,142,16
"경기도","오산시",소계,남자인구수 (명),124067,6722,9200,10746,9989,12961,11414,11081,8950,7532,5340,3035,2155,1383,628,134,21,2
"경기도","오산시",소계,여자인구수 (명),113731,6034,7174,8198,8418,10941,9976,9845,8336,7295,5652,3453,2731,2177,1247,439,121,14
"경기도","시흥시",소계,총인구수 (명),518371,28174,33961,38210,37565,48399,43529,47705,45408,39014,25964,13946,9688,7278,4047,1426,363,57
"경기도","시흥시",소계,남자인구수 (명),270405,15546,18281,20813,19984,25901,23578,24968,23615,21032,13452,6927,4347,2765,1180,307,65,9
"경기도","시흥시",소계,여자인구수 (명),247966,12628,15680,17397,17581,22498,19951,22737,21793,17982,12512,7019,5341,4513,2867,1119,298,48
"경기도","군포시",소계,총인구수 (명),258509,14500,17847,19120,16212,18901,19141,24060,22832,22854,17461,9919,7280,5544,3398,1327,313,43
"경기도","군포시",소계,남자인구수 (명),128257,7529,9414,10237,8480,9641,9340,11765,11132,11010,8473,4801,3245,2154,1095,378,72,10
"경기도","군포시",소계,여자인구수 (명),130252,6971,8433,8883,7732,9260,9801,12295,11700,11844,8988,5118,4035,3390,2303,949,241,33
"경기도","의왕시",소계,총인구수 (명),155329,8267,10444,11867,10734,11606,10295,13337,13753,13729,11036,6096,4272,3076,1814,702,168,31
"경기도","의왕시",소계,남자인구수 (명),76962,4290,5530,6138,5458,5981,5122,6243,6638,6609,5407,3050,2005,1262,589,164,32,5
"경기도","의왕시",소계,여자인구수 (명),78367,3977,4914,5729,5276,5625,5173,7094,7115,7120,5629,3046,2267,1814,1225,538,136,26
"경기도","하남시",소계,총인구수 (명),329997,14731,20461,24936,26068,33356,27465,26389,22572,22800,19344,12498,8544,5090,2662,1003,227,42
"경기도","하남시",소계,남자인구수 (명),164124,7418,10012,12278,12960,16845,14219,13617,11302,11003,9288,6039,4272,2234,888,216,30,7
"경기도","하남시",소계,여자인구수 (명),165873,7313,10449,12658,13108,16511,13246,12772,11270,11797,10056,6459,4272,2856,1774,787,197,35
"경기도","용인시",소계,총인구수 (명),1083456,63733,68264,67185,67345,93097,94105,103354,83902,70679,56065,39586,33182,24228,12819,4392,990,155
"경기도","용인시",소계,남자인구수 (명),537346,32994,35993,34595,33508,45632,46269,51580,42201,35617,26662,17686,14624,10695,5131,1354,204,39
"경기도","용인시",소계,여자인구수 (명),546110,30739,32271,32590,33837,47465,47836,51774,41701,35062,29403,21900,18558,13533,7688,3038,786,116
"경기도","용인시",처인구,총인구수 (명),269780,15643,17328,17508,16410,21784,21262,24217,22993,21752,17168,11071,8007,5780,3298,1176,267,35
"경기도","용인시",처인구,남자인구수 (명),138485,8481,9636,9535,8834,11359,11172,12553,11714,11188,8543,5263,3708,2279,1116,298,42,6
"경기도","용인시",처인구,여자인구수 (명),131295,7162,7692,7973,7576,10425,10090,11664,11279,10564,8625,5808,4299,3501,2182,878,225,29
"경기도","용인시",기흥구,총인구수 (명),437818,26578,28604,26432,26046,37281,38493,43496,34161,27523,21786,15549,13472,9948,5256,1868,422,79
"경기도","용인시",기흥구,남자인구수 (명),215885,13684,15054,13717,12859,18112,18631,21449,17136,13691,10174,6832,5813,4414,2146,616,86,20
"경기도","용인시",기흥구,여자인구수 (명),221933,12894,13550,12715,13187,19169,19862,22047,17025,13832,11612,8717,7659,5534,3110,1252,336,59
"경기도","용인시",수지구,총인구수 (명),375858,21512,22332,23245,24889,34032,34350,35641,26748,21404,17111,12966,11703,8500,4265,1348,301,41
"경기도","용인시",수지구,남자인구수 (명),182976,10829,11303,11343,11815,16161,16466,17578,13351,10738,7945,5591,5103,4002,1869,440,76,13
"경기도","용인시",수지구,여자인구수 (명),192882,10683,11029,11902,13074,17871,17884,18063,13397,10666,9166,7375,6600,4498,2396,908,225,28
"경기도","파주시",소계,총인구수 (명),507470,25313,30477,34885,36411,44721,40524,45928,39054,35897,28363,17492,14531,11696,6518,2208,534,67
"경기도","파주시",소계,남자인구수 (명),256602,13456,16696,17708,19264,23393,20510,23746,20154,18307,14036,8111,6389,4573,2226,586,99,19
"경기도","파주시",소계,여자인구수 (명),250868,11857,13781,17177,17147,21328,20014,22182,18900,17590,14327,9381,8142,7123,4292,1622,435,48
"경기도","이천시",소계,총인구수 (명),223056,11805,16342,16213,14228,17124,16892,18853,18001,17895,14157,8705,6318,4950,2912,989,220,31
"경기도","이천시",소계,남자인구수 (명),116264,6340,9725,9463,7380,9326,8558,10040,9142,9247,7267,4222,2957,1990,966,286,43,10
"경기도","이천시",소계,여자인구수 (명),106792,5465,6617,6750,6848,7798,8334,8813,8859,8648,6890,4483,3361,2960,1946,703,177,21
"경기도","안성시",소계,총인구수 (명),192293,10594,11572,11364,11083,14680,14496,17049,16396,16678,13820,9157,6675,5212,3306,1220,228,35
"경기도","안성시",소계,남자인구수 (명),99380,5627,6586,6420,6043,7923,7729,9098,8585,8592,6903,4525,3065,2037,1048,303,35,6
"경기도","안성시",소계,여자인구수 (명),92913,4967,4986,4944,5040,6757,6767,7951,7811,8086,6917,4632,3610,3175,2258,917,193,29
"경기도","김포시",소계,총인구수 (명),486128,21992,26607,30618,34775,50014,43545,40300,34122,32540,27423,17783,13260,9155,4772,1621,405,57
"경기도","김포시",소계,남자인구수 (명),242751,11370,13576,15269,16919,25133,22605,20873,17190,16436,13156,8324,6245,3809,1717,417,78,16
"경기도","김포시",소계,여자인구수 (명),243377,10622,13031,15349,17856,24881,20940,19427,16932,16104,14267,9459,7015,5346,3055,1204,327,41
"경기도","화성시",소계,총인구수 (명),956503,46934,63821,78154,79097,99027,85174,79257,63688,54616,39961,23838,16692,11669,6750,2456,514,78
"경기도","화성시",소계,남자인구수 (명),496516,24429,35325,42226,41024,51549,45340,42482,33856,28746,20161,11573,7776,4651,2252,580,87,11
"경기도","화성시",소계,여자인구수 (명),459987,22505,28496,35928,38073,47478,39834,36775,29832,25870,19800,12265,8916,7018,4498,1876,427,67
"경기도","광주시",소계,총인구수 (명),394164,18071,22619,25541,26726,36283,31988,35707,33450,32270,26544,16063,11152,7606,3839,1321,295,67
"경기도","광주시",소계,남자인구수 (명),200866,9524,12040,13580,13827,18998,16852,18589,16827,16163,13247,7839,5332,3280,1363,317,53,16
"경기도","광주시",소계,여자인구수 (명),193298,8547,10579,11961,12899,17285,15136,17118,16623,16107,13297,8224,5820,4326,2476,1004,242,51
"경기도","양주시",소계,총인구수 (명),282215,14304,16489,19171,18493,23742,21865,25270,22383,21005,17703,10947,8766,6420,3468,1222,268,60
"경기도","양주시",소계,남자인구수 (명),142110,7492,8719,9943,9467,12305,11074,12997,11489,10764,8741,5200,4077,2604,1194,290,49,18
"경기도","양주시",소계,여자인구수 (명),140105,6812,7770,9228,9026,11437,10791,12273,10894,10241,8962,5747,4689,3816,2274,932,219,42
"경기도","포천시",소계,총인구수 (명),142135,7045,8377,7483,6133,7800,8895,12702,14906,16092,13774,7487,6062,4772,2915,957,229,39
"경기도","포천시",소계,남자인구수 (명),75197,3870,4886,4357,3367,4324,4733,6912,8048,8813,7521,3862,2829,1838,950,227,35,12
"경기도","포천시",소계,여자인구수 (명),66938,3175,3491,3126,2766,3476,4162,5790,6858,7279,6253,3625,3233,2934,1965,730,194,27
"경기도","여주시",소계,총인구수 (명),114696,5029,5937,5789,5485,7521,7736,9716,10708,11693,10491,6935,5011,3995,2341,848,202,35
"경기도","여주시",소계,남자인구수 (명),58370,2711,3268,3185,2874,3864,3945,5115,5542,6042,5328,3483,2411,1621,830,209,34,6
"경기도","여주시",소계,여자인구수 (명),56326,2318,2669,2604,2611,3657,3791,4601,5166,5651,5163,3452,2600,2374,1511,639,168,29
"경기도","연천군",소계,총인구수 (명),41035,1952,2381,2212,1667,2074,2043,2932,3558,4337,4381,2642,2397,2050,1227,384,93,15
"경기도","연천군",소계,남자인구수 (명),21501,1183,1538,1361,951,1110,1121,1598,1901,2273,2274,1325,1097,787,395,116,20,5
"경기도","연천군",소계,여자인구수 (명),19534,769,843,851,716,964,922,1334,1657,2064,2107,1317,1300,1263,832,268,73,10
"경기도","가평군",소계,총인구수 (명),62445,2538,3046,2915,2593,3434,3749,5032,5862,7000,6823,4436,3280,2582,1586,501,114,25
"경기도","가평군",소계,남자인구수 (명),32175,1452,1746,1648,1383,1804,2007,2737,3083,3592,3572,2202,1565,1077,585,139,28,6
"경기도","가평군",소계,여자인구수 (명),30270,1086,1300,1267,1210,1630,1742,2295,2779,3408,3251,2234,1715,1505,1001,362,86,19
"경기도","양평군",소계,총인구수 (명),126668,4608,5027,5370,5318,7831,8163,10429,11206,14005,13499,9090,6585,4960,2886,1067,244,30
"경기도","양평군",소계,남자인구수 (명),63577,2604,2765,2873,2710,3853,4162,5330,5631,7051,6761,4496,3303,2202,1034,259,44,4
"경기도","양평군",소계,여자인구수 (명),63091,2004,2262,2497,2608,3978,4001,5099,5575,6954,6738,4594,3282,2758,1852,808,200,26
"강원특별자치도","소계",소계,총인구수 (명),1521877,76610,82419,81960,76243,99956,103571,129417,132777,146641,131652,81840,64072,54806,31013,10588,2657,419
"강원특별자치도","소계",소계,남자인구수 (명),765321,42788,46380,44684,40010,50883,52744,67038,68144,73642,65991,39035,28884,21244,10041,2481,454,101
"강원특별자치도","소계",소계,여자인구수 (명),756556,33822,36039,37276,36233,49073,50827,62379,64633,72999,65661,42805,35188,33562,20972,8107,2203,318
"강원특별자치도","춘천시",소계,총인구수 (명),286331,18235,18714,17980,16278,20276,19532,23730,23046,23906,21136,12499,10088,8866,5305,1780,449,61
"강원특별자치도","춘천시",소계,남자인구수 (명),141364,9669,10167,9510,8289,10091,9530,11870,11592,11660,10204,5819,4387,3429,1724,463,86,25
"강원특별자치도","춘천시",소계,여자인구수 (명),144967,8566,8547,8470,7989,10185,10002,11860,11454,12246,10932,6680,5701,5437,3581,1317,363,36
"강원특별자치도","원주시",소계,총인구수 (명),361622,18883,22244,23915,21963,27561,27130,32012,30918,30708,25106,14497,10452,9075,5441,1867,448,59
"강원특별자치도","원주시",소계,남자인구수 (명),179100,10247,11651,12382,11252,13724,13351,15794,15419,15200,12441,6866,4683,3468,1781,438,82,13
"강원특별자치도","원주시",소계,여자인구수 (명),182522,8636,10593,11533,10711,13837,13779,16218,15499,15508,12665,7631,5769,5607,3660,1429,366,46
"강원특별자치도","강릉시",소계,총인구수 (명),208251,10570,11322,10453,9806,13667,15084,18637,18032,19587,17913,11835,9496,7743,4214,1529,402,64
"강원특별자치도","강릉시",소계,남자인구수 (명),103188,5856,6163,5689,5193,6847,7658,9622,9099,9487,8579,5382,4239,3004,1382,380,54,8
"강원특별자치도","강릉시",소계,여자인구수 (명),105063,4714,5159,4764,4613,6820,7426,9015,8933,10100,9334,6453,5257,4739,2832,1149,348,56
"강원특별자치도","동해시",소계,총인구수 (명),87852,3920,4304,4069,4098,6023,6755,8340,7648,8040,7313,4918,3815,3111,1600,546,103,17
"강원특별자치도","동해시",소계,남자인구수 (명),44555,2292,2515,2341,2187,3086,3482,4430,3993,4008,3463,2304,1722,1217,560,124,14,3
"강원특별자치도","동해시",소계,여자인구수 (명),43297,1628,1789,1728,1911,2937,3273,3910,3655,4032,3850,2614,2093,1894,1040,422,89,14
"강원특별자치도","태백시",소계,총인구수 (명),38137,1487,1346,1305,1491,2450,2818,3361,3467,3801,3793,2811,2148,1665,850,227,49,9
"강원특별자치도","태백시",소계,남자인구수 (명),19258,876,784,731,800,1253,1525,1825,1868,1960,1870,1288,892,645,253,39,6,2
"강원특별자치도","태백시",소계,여자인구수 (명),18879,611,562,574,691,1197,1293,1536,1599,1841,1923,1523,1256,1020,597,188,43,7
"강원특별자치도","속초시",소계,총인구수 (명),81424,3494,4193,4602,4279,5757,5717,7374,7505,7973,7049,4188,3322,2508,1335,473,163,13
"강원특별자치도","속초시",소계,남자인구수 (명),40216,1943,2396,2602,2283,2901,2838,3646,3677,3802,3444,1899,1428,962,416,109,30,6
"강원특별자치도","속초시",소계,여자인구수 (명),41208,1551,1797,2000,1996,2856,2879,3728,3828,4171,3605,2289,1894,1546,919,364,133,7
"강원특별자치도","삼척시",소계,총인구수 (명),62330,3833,2618,2447,2445,3441,4091,5220,5511,6392,5850,4049,3261,2809,1655,657,117,21
"강원특별자치도","삼척시",소계,남자인구수 (명),31726,2185,1543,1328,1296,1837,2185,2954,2990,3290,2936,1966,1484,990,493,152,18,2
"강원특별자치도","삼척시",소계,여자인구수 (명),30604,1648,1075,1119,1149,1604,1906,2266,2521,3102,2914,2083,1777,1819,1162,505,99,19
"강원특별자치도","홍천군",소계,총인구수 (명),67182,2491,2970,2966,2608,3452,3684,5005,6254,8189,7999,4713,3483,2994,1919,668,157,33
"강원특별자치도","홍천군",소계,남자인구수 (명),34653,1460,1808,1702,1422,1804,1987,2706,3267,4235,4246,2492,1667,1184,643,130,34,7
"강원특별자치도","홍천군",소계,여자인구수 (명),32529,1031,1162,1264,1186,1648,1697,2299,2987,3954,3753,2221,1816,1810,1276,538,123,26
"강원특별자치도","횡성군",소계,총인구수 (명),46314,1546,1539,1473,1505,2125,2376,3501,4526,6026,5851,3655,2646,2360,1418,484,137,18
"강원특별자치도","횡성군",소계,남자인구수 (명),23800,877,861,852,776,1145,1330,1888,2345,3145,3086,1910,1314,962,483,96,24,2
"강원특별자치도","횡성군",소계,여자인구수 (명),22514,669,678,621,729,980,1046,1613,2181,2881,2765,1745,1332,1398,935,388,113,16
"강원특별자치도","영월군",소계,총인구수 (명),37063,1446,1195,1135,1196,1837,2087,3015,3694,4553,4381,2937,2170,1969,1081,382,70,9
"강원특별자치도","영월군",소계,남자인구수 (명),19173,805,688,637,638,976,1119,1664,1994,2439,2365,1465,1020,741,360,79,18,4
"강원특별자치도","영월군",소계,여자인구수 (명),17890,641,507,498,558,861,968,1351,1700,2114,2016,1472,1150,1228,721,303,52,5
"강원특별자치도","평창군",소계,총인구수 (명),40509,1507,1413,1339,1343,1987,2396,3400,4129,5174,4917,3032,2430,1975,1089,343,79,18
"강원특별자치도","평창군",소계,남자인구수 (명),21006,892,892,765,720,1084,1281,1847,2215,2706,2619,1530,1158,820,359,77,7,5
"강원특별자치도","평창군",소계,여자인구수 (명),19503,615,521,574,623,903,1115,1553,1914,2468,2298,1502,1272,1155,730,266,72,13
"강원특별자치도","정선군",소계,총인구수 (명),33761,1159,1040,1001,1224,1799,2167,2910,3372,4192,3954,2559,2003,1738,860,285,72,23
"강원특별자치도","정선군",소계,남자인구수 (명),17623,652,634,583,695,997,1213,1724,1865,2232,2143,1232,906,684,261,66,10,7
"강원특별자치도","정선군",소계,여자인구수 (명),16138,507,406,418,529,802,954,1186,1507,1960,1811,1327,1097,1054,599,219,62,16
"강원특별자치도","철원군",소계,총인구수 (명),40790,1981,2261,2306,1864,2295,2402,3169,3428,4072,3614,2298,2167,1916,934,270,101,16
"강원특별자치도","철원군",소계,남자인구수 (명),21094,1212,1481,1371,1033,1213,1256,1743,1787,2132,1817,1038,992,715,295,75,13,1
"강원특별자치도","철원군",소계,여자인구수 (명),19696,769,780,935,831,1082,1146,1426,1641,1940,1797,1260,1175,1201,639,195,88,15
"강원특별자치도","화천군",소계,총인구수 (명),23020,1301,1557,1460,1111,1159,1167,1633,1943,2383,2067,1216,1046,1083,593,178,51,14
"강원특별자치도","화천군",소계,남자인구수 (명),12316,839,1069,914,619,617,640,849,1044,1303,1124,599,464,434,182,55,8,6
"강원특별자치도","화천군",소계,여자인구수 (명),10704,462,488,546,492,542,527,784,899,1080,943,617,582,649,411,123,43,8
"강원특별자치도","양구군",소계,총인구수 (명),20846,1035,1227,1234,1030,1225,1135,1434,1720,2157,1859,1064,911,903,459,176,32,3
"강원특별자치도","양구군",소계,남자인구수 (명),10915,660,784,743,558,632,604,766,917,1122,1012,530,403,358,139,42,6,0
"강원특별자치도","양구군",소계,여자인구수 (명),9931,375,443,491,472,593,531,668,803,1035,847,534,508,545,320,134,26,3
"강원특별자치도","인제군",소계,총인구수 (명),31721,1617,2120,2098,1775,1923,1902,2225,2530,3286,2944,1608,1232,1145,637,211,64,13
"강원특별자치도","인제군",소계,남자인구수 (명),17290,1073,1479,1270,1030,1059,1023,1262,1344,1725,1623,820,603,473,189,39,15,5
"강원특별자치도","인제군",소계,여자인구수 (명),14431,544,641,828,745,864,879,963,1186,1561,1321,788,629,672,448,172,49,8
"강원특별자치도","고성군",소계,총인구수 (명),27143,1110,1298,1203,1168,1408,1440,2221,2434,3108,2840,1883,1650,1449,800,252,76,12
"강원특별자치도","고성군",소계,남자인구수 (명),13909,669,804,707,643,762,793,1239,1318,1593,1460,903,710,542,246,58,13,2
"강원특별자치도","고성군",소계,여자인구수 (명),13234,441,494,496,525,646,647,982,1116,1515,1380,980,940,907,554,194,63,10
"강원특별자치도","양양군",소계,총인구수 (명),27581,995,1058,974,1059,1571,1688,2230,2620,3094,3066,2078,1752,1497,823,260,87,16
"강원특별자치도","양양군",소계,남자인구수 (명),14135,581,661,557,576,855,929,1209,1410,1603,1559,992,812,616,275,59,16,3
"강원특별자치도","양양군",소계,여자인구수 (명),13446,414,397,417,483,716,759,1021,1210,1491,1507,1086,940,881,548,201,71,13
"충청북도","소계",소계,총인구수 (명),1591182,80395,96532,98277,89916,114092,112945,134232,139828,140185,120586,77051,55669,47591,28631,9832,2027,281
"충청북도","소계",소계,남자인구수 (명),809799,43885,53982,55395,47939,59352,58526,69553,71512,71548,60511,37181,25382,18212,9059,2189,374,49
"충청북도","소계",소계,여자인구수 (명),781383,36510,42550,42882,41977,54740,54419,64679,68316,68637,60075,39870,30287,29379,19572,7643,1653,232
"충청북도","청주시",소계,총인구수 (명),853563,47977,61104,63143,56097,68090,64737,72932,70018,64497,51907,31785,22448,17823,10560,3620,751,89
"충청북도","청주시",소계,남자인구수 (명),431274,25630,33457,35125,29590,35016,32798,36628,34714,32205,25205,15009,10100,6728,3345,788,120,12
"충청북도","청주시",소계,여자인구수 (명),422289,22347,27647,28018,26507,33074,31939,36304,35304,32292,26702,16776,12348,11095,7215,2832,631,77
"충청북도","청주시",상당구,총인구수 (명),198851,10157,12046,12606,12116,15287,14836,17471,17345,16240,13186,8317,5913,4841,2897,966,201,28
"충청북도","청주시",상당구,남자인구수 (명),98728,5522,6406,6614,6198,7699,7403,8695,8473,8159,6438,3978,2623,1849,897,201,35,6
"충청북도","청주시",상당구,여자인구수 (명),100123,4635,5640,5992,5918,7588,7433,8776,8872,8081,6748,4339,3290,2992,2000,765,166,22
"충청북도","청주시",서원구,총인구수 (명),183376,12148,13007,11457,9350,12447,13534,16781,16590,15526,12924,8182,5783,4548,2631,892,196,19
"충청북도","청주시",서원구,남자인구수 (명),91321,6476,7127,6370,4960,6232,6659,8237,8142,7627,6220,3772,2573,1742,888,212,34,1
"충청북도","청주시",서원구,여자인구수 (명),92055,5672,5880,5087,4390,6215,6875,8544,8448,7899,6704,4410,3210,2806,1743,680,162,18
"충청북도","청주시",흥덕구,총인구수 (명),281963,15521,22712,24967,21331,23587,21400,23555,22076,19652,14866,8667,5831,4392,2614,912,192,22
"충청북도","청주시",흥덕구,남자인구수 (명),143608,8175,12358,13933,11303,12270,10777,11832,10946,9858,7179,4125,2709,1632,827,183,33,4
"충청북도","청주시",흥덕구,여자인구수 (명),138355,7346,10354,11034,10028,11317,10623,11723,11130,9794,7687,4542,3122,2760,1787,729,159,18
"충청북도","청주시",청원구,총인구수 (명),189373,10151,13339,14113,13300,16769,14967,15125,14007,13079,10931,6619,4921,4042,2418,850,162,20
"충청북도","청주시",청원구,남자인구수 (명),97617,5457,7566,8208,7129,8815,7959,7864,7153,6561,5368,3134,2195,1505,733,192,18,1
"충청북도","청주시",청원구,여자인구수 (명),91756,4694,5773,5905,6171,7954,7008,7261,6854,6518,5563,3485,2726,2537,1685,658,144,19
"충청북도","충주시",소계,총인구수 (명),207346,10009,11413,11646,10627,14044,14397,17593,19144,19591,17196,10872,8063,7180,4297,1469,297,43
"충청북도","충주시",소계,남자인구수 (명),105235,5627,6632,6708,5797,7295,7335,9052,9751,9942,8667,5113,3582,2802,1367,340,66,9
"충청북도","충주시",소계,여자인구수 (명),102111,4382,4781,4938,4830,6749,7062,8541,9393,9649,8529,5759,4481,4378,2930,1129,231,34
"충청북도","제천시",소계,총인구수 (명),129385,7294,6389,5789,5630,7756,8202,10846,12216,12942,12118,8029,5723,4918,2734,851,184,34
"충청북도","제천시",소계,남자인구수 (명),65156,3956,3653,3270,2982,3960,4236,5595,6274,6467,6047,3913,2579,1928,916,193,34,4
"충청북도","제천시",소계,여자인구수 (명),64229,3338,2736,2519,2648,3796,3966,5251,5942,6475,6071,4116,3144,2990,1818,658,150,30
"충청북도","보은군",소계,총인구수 (명),30727,980,895,832,949,1289,1447,2163,3024,3869,3812,2600,2009,2020,1314,520,115,8
"충청북도","보은군",소계,남자인구수 (명),15565,557,529,481,516,699,806,1204,1659,2077,1974,1286,957,740,401,118,25,4
"충청북도","보은군",소계,여자인구수 (명),15162,423,366,351,433,590,641,959,1365,1792,1838,1314,1052,1280,913,402,90,4
"충청북도","옥천군",소계,총인구수 (명),48521,1888,1759,1474,1649,2526,2851,3883,4606,5512,5368,3976,2744,2545,1609,620,120,21
"충청북도","옥천군",소계,남자인구수 (명),24519,1080,994,830,833,1296,1527,2112,2402,2901,2774,2038,1273,956,490,153,27,4
"충청북도","옥천군",소계,여자인구수 (명),24002,808,765,644,816,1230,1324,1771,2204,2611,2594,1938,1471,1589,1119,467,93,17
"충청북도","영동군",소계,총인구수 (명),43792,1689,1501,1288,1302,1890,2334,3457,4335,5230,5069,3573,2833,2710,1604,510,113,20
"충청북도","영동군",소계,남자인구수 (명),22024,941,847,740,697,1001,1261,1921,2342,2663,2669,1730,1277,1030,512,121,23,1
"충청북도","영동군",소계,여자인구수 (명),21768,748,654,548,605,889,1073,1536,1993,2567,2400,1843,1556,1680,1092,389,90,19
"충청북도","증평군",소계,총인구수 (명),37235,1655,2376,2319,2202,2751,2632,3086,3250,3175,2785,1798,1314,1106,657,216,34,5
"충청북도","증평군",소계,남자인구수 (명),19395,966,1376,1325,1199,1532,1416,1650,1697,1632,1386,861,600,420,206,38,9,1
"충청북도","증평군",소계,여자인구수 (명),17840,689,1000,994,1003,1219,1216,1436,1553,1543,1399,937,714,686,451,178,25,4
"충청북도","진천군",소계,총인구수 (명),86769,3583,4699,5577,5505,7355,6914,7272,7399,7115,5700,3626,2580,2229,1609,543,110,8
"충청북도","진천군",소계,남자인구수 (명),45907,2063,2753,3267,2991,3950,3815,4066,4066,3785,2966,1758,1214,846,481,114,16,2
"충청북도","진천군",소계,여자인구수 (명),40862,1520,1946,2310,2514,3405,3099,3206,3333,3330,2734,1868,1366,1383,1128,429,94,6
"충청북도","괴산군",소계,총인구수 (명),36095,974,1007,939,1027,1451,1708,2628,3857,4941,4858,3299,2417,2215,1392,500,97,11
"충청북도","괴산군",소계,남자인구수 (명),18662,591,586,542,581,808,983,1516,2061,2641,2650,1681,1197,836,452,98,21,0
"충청북도","괴산군",소계,여자인구수 (명),17433,383,421,397,446,643,725,1112,1796,2300,2208,1618,1220,1379,940,402,76,11
"충청북도","음성군",소계,총인구수 (명),90219,3536,4490,4455,4066,5746,6308,8191,9126,9680,8238,5231,3759,3290,1991,699,156,31
"충청북도","음성군",소계,남자인구수 (명),48017,2004,2613,2658,2285,3153,3575,4617,5027,5338,4314,2660,1794,1314,626,156,26,9
"충청북도","음성군",소계,여자인구수 (명),42202,1532,1877,1797,1781,2593,2733,3574,4099,4342,3924,2571,1965,1976,1365,543,130,22
"충청북도","단양군",소계,총인구수 (명),27530,810,899,815,862,1194,1415,2181,2853,3633,3535,2262,1779,1555,864,284,50,11
"충청북도","단양군",소계,남자인구수 (명),14045,470,542,449,468,642,774,1192,1519,1897,1859,1132,809,612,263,70,7,3
"충청북도","단양군",소계,여자인구수 (명),13485,340,357,366,394,552,641,989,1334,1736,1676,1130,970,943,601,214,43,8
"충청남도","소계",소계,총인구수 (명),2135171,104890,117517,125392,126241,163388,157361,179245,174539,179695,150946,104266,79274,67120,44413,16461,3348,489
"충청남도","소계",소계,남자인구수 (명),1095237,57025,66718,69476,67787,86918,83686,96141,91968,92812,75635,50159,36654,25747,14180,4146,637,68
"충청남도","소계",소계,여자인구수 (명),1039934,47865,50799,55916,58454,76470,73675,83104,82571,86883,75311,54107,42620,41373,30233,12315,2711,421
"충청남도","천안시",소계,총인구수 (명),658537,40764,47886,49555,47389,57792,52867,57653,52193,47428,33887,20364,14530,11075,6752,2386,522,73
"충청남도","천안시",소계,남자인구수 (명),337756,21100,26274,26924,25396,30433,27398,29640,26524,24398,16878,9760,6614,4274,2103,551,92,10
"충청남도","천안시",소계,여자인구수 (명),320781,19664,21612,22631,21993,27359,25469,28013,25669,23030,17009,10604,7916,6801,4649,1835,430,63
"충청남도","천안시",동남구,총인구수 (명),260793,16161,17249,16810,15260,20274,20430,23413,22355,22002,16696,10494,7410,5733,3558,1259,280,40
"충청남도","천안시",동남구,남자인구수 (명),132231,8386,9329,9171,8160,10398,10536,12034,11296,11160,8278,5076,3407,2255,1125,295,51,6
"충청남도","천안시",동남구,여자인구수 (명),128562,7775,7920,7639,7100,9876,9894,11379,11059,10842,8418,5418,4003,3478,2433,964,229,34
"충청남도","천안시",서북구,총인구수 (명),397744,24603,30637,32745,32129,37518,32437,34240,29838,25426,17191,9870,7120,5342,3194,1127,242,33
"충청남도","천안시",서북구,남자인구수 (명),205525,12714,16945,17753,17236,20035,16862,17606,15228,13238,8600,4684,3207,2019,978,256,41,4
"충청남도","천안시",서북구,여자인구수 (명),192219,11889,13692,14992,14893,17483,15575,16634,14610,12188,8591,5186,3913,3323,2216,871,201,29
"충청남도","공주시",소계,총인구수 (명),101930,6070,4621,4265,4060,5509,6139,7904,9101,10776,9983,6928,5118,4577,3079,1235,230,38
"충청남도","공주시",소계,남자인구수 (명),50821,2938,2579,2422,2141,2869,3268,4082,4724,5480,5043,3408,2390,1749,1001,319,56,7
"충청남도","공주시",소계,여자인구수 (명),51109,3132,2042,1843,1919,2640,2871,3822,4377,5296,4940,3520,2728,2828,2078,916,174,31
"충청남도","보령시",소계,총인구수 (명),94482,3603,3960,3770,4001,5784,6241,7950,8440,9757,8958,6644,5236,4242,2743,1003,199,33
"충청남도","보령시",소계,남자인구수 (명),47858,2032,2295,2200,2141,3147,3401,4320,4499,4987,4445,3099,2336,1644,896,251,34,6
"충청남도","보령시",소계,여자인구수 (명),46624,1571,1665,1570,1860,2637,2840,3630,3941,4770,4513,3545,2900,2598,1847,752,165,27
"충청남도","아산시",소계,총인구수 (명),352428,17618,21191,25187,26884,33861,29454,29377,25240,22919,17904,11644,8789,6948,4320,1551,309,38
"충청남도","아산시",소계,남자인구수 (명),183811,9681,12134,13630,14267,18169,15926,16076,13471,12052,8938,5439,3962,2688,1417,364,52,8
"충청남도","아산시",소계,여자인구수 (명),168617,7937,9057,11557,12617,15692,13528,13301,11769,10867,8966,6205,4827,4260,2903,1187,257,30
"충청남도","서산시",소계,총인구수 (명),175494,7697,9259,10279,10034,13285,13293,15226,14850,14685,11879,8408,6496,5446,3773,1504,289,48
"충청남도","서산시",소계,남자인구수 (명),91967,4679,5689,6094,5579,7122,7021,8254,7927,7595,5925,4150,3110,2168,1221,364,42,4
"충청남도","서산시",소계,여자인구수 (명),83527,3018,3570,4185,4455,6163,6272,6972,6923,7090,5954,4258,3386,3278,2552,1140,247,44
"충청남도","논산시",소계,총인구수 (명),109197,4351,4809,4675,4508,6138,6817,8957,9667,11192,10541,7581,5726,5169,3477,1299,284,35
"충청남도","논산시",소계,남자인구수 (명),54667,2406,2715,2668,2318,3207,3616,4833,5048,5730,5319,3675,2549,1941,1032,313,56,5
"충청남도","논산시",소계,여자인구수 (명),54530,1945,2094,2007,2190,2931,3201,4124,4619,5462,5222,3906,3177,3228,2445,986,228,30
"충청남도","계룡시",소계,총인구수 (명),46683,2559,2224,2552,2838,4018,4323,4551,3716,3237,2616,1609,1058,759,498,202,44,8
"충청남도","계룡시",소계,남자인구수 (명),23261,1432,1236,1348,1441,1952,2081,2283,1820,1544,1248,778,516,276,143,47,5,3
"충청남도","계룡시",소계,여자인구수 (명),23422,1127,988,1204,1397,2066,2242,2268,1896,1693,1368,831,542,483,355,155,39,5
"충청남도","당진시",소계,총인구수 (명),170697,6571,8011,9618,10746,14568,13306,14501,14158,14027,11575,7946,6148,5261,3652,1234,249,37
"충청남도","당진시",소계,남자인구수 (명),91422,3823,4872,5628,6103,8146,7472,8330,7983,7600,5972,3844,2968,2085,1164,348,55,3
"충청남도","당진시",소계,여자인구수 (명),79275,2748,3139,3990,4643,6422,5834,6171,6175,6427,5603,4102,3180,3176,2488,886,194,34
"충청남도","금산군",소계,총인구수 (명),49928,1796,1541,1501,1594,2455,2833,4059,4718,5740,5338,3994,3084,2826,1781,641,113,19
"충청남도","금산군",소계,남자인구수 (명),25300,1042,894,816,811,1304,1548,2266,2575,3080,2751,1980,1413,1038,542,166,29,2
"충청남도","금산군",소계,여자인구수 (명),24628,754,647,685,783,1151,1285,1793,2143,2660,2587,2014,1671,1788,1239,475,84,17
"충청남도","부여군",소계,총인구수 (명),60039,2062,1981,1720,1812,2669,3189,4328,5248,6773,6997,5187,4158,3928,2708,1051,219,32
"충청남도","부여군",소계,남자인구수 (명),29922,1151,1176,961,956,1467,1764,2357,2798,3412,3558,2526,1902,1515,866,288,44,2
"충청남도","부여군",소계,여자인구수 (명),30117,911,805,759,856,1202,1425,1971,2450,3361,3439,2661,2256,2413,1842,763,175,30
"충청남도","서천군",소계,총인구수 (명),48608,1525,1522,1453,1407,2190,2535,3654,4121,5385,5429,4407,3636,3241,2324,921,175,23
"충청남도","서천군",소계,남자인구수 (명),24093,859,897,819,799,1185,1406,2001,2229,2800,2733,2057,1695,1191,780,235,28,3
"충청남도","서천군",소계,여자인구수 (명),24515,666,625,634,608,1005,1129,1653,1892,2585,2696,2350,1941,2050,1544,686,147,20
"충청남도","청양군",소계,총인구수 (명),29809,1291,1045,839,916,1239,1435,2058,2708,3510,3397,2510,1971,1940,1469,517,109,8
"충청남도","청양군",소계,남자인구수 (명),15284,788,610,469,489,701,840,1200,1532,1848,1734,1284,926,712,470,154,23,2
"충청남도","청양군",소계,여자인구수 (명),14525,503,435,370,427,538,595,858,1176,1662,1663,1226,1045,1228,999,363,86,6
"충청남도","홍성군",소계,총인구수 (명),98501,4249,4357,4829,4807,6577,6774,8060,7892,8924,7893,5913,4546,4098,2899,1007,219,40
"충청남도","홍성군",소계,남자인구수 (명),49155,2393,2370,2620,2501,3312,3447,4387,4171,4504,3910,2780,2137,1493,918,263,45,4
"충청남도","홍성군",소계,여자인구수 (명),49346,1856,1987,2209,2306,3265,3327,3673,3721,4420,3983,3133,2409,2605,1981,744,174,36
"충청남도","예산군",소계,총인구수 (명),78338,2788,2953,3165,3152,4182,4546,6229,6849,8479,7925,6069,4655,4275,2921,1095,215,37
"충청남도","예산군",소계,남자인구수 (명),39290,1558,1669,1725,1691,2222,2461,3461,3671,4285,3991,2903,2134,1677,967,290,43,4
"충청남도","예산군",소계,여자인구수 (명),39048,1230,1284,1440,1461,1960,2085,2768,3178,4194,3934,3166,2521,2598,1954,805,172,33
"충청남도","태안군",소계,총인구수 (명),60500,1946,2157,1984,2093,3121,3609,4738,5638,6863,6624,5062,4123,3335,2017,815,172,20
"충청남도","태안군",소계,남자인구수 (명),30630,1143,1308,1152,1154,1682,2037,2651,2996,3497,3190,2476,2002,1296,660,193,33,5
"충청남도","태안군",소계,여자인구수 (명),29870,803,849,832,939,1439,1572,2087,2642,3366,3434,2586,2121,2039,1357,622,139,15
"전북특별자치도","소계",소계,총인구수 (명),1744661,90569,94169,88721,83681,115124,123437,152365,150843,154206,132855,97682,78186,64549,39955,14657,3185,477
"전북특별자치도","소계",소계,남자인구수 (명),868718,49051,51184,47172,42826,58820,63287,79371,78136,78015,65593,46322,34711,23980,12372,3389,572,59
"전북특별자치도","소계",소계,여자인구수 (명),875943,41518,42985,41549,40855,56304,60150,72994,72707,76191,67262,51360,43475,40569,27583,11268,2613,418
"전북특별자치도","전주시",소계,총인구수 (명),638964,40235,42912,40037,36283,47921,49306,57553,52410,48550,38457,27604,20743,15343,8693,3029,685,89
"전북특별자치도","전주시",소계,남자인구수 (명),313679,20998,22479,21049,18290,23659,24073,28350,25645,23371,18015,12592,9090,6070,2987,778,134,12
"전북특별자치도","전주시",소계,여자인구수 (명),325285,19237,20433,18988,17993,24262,25233,29203,26765,25179,20442,15012,11653,9273,5706,2251,551,77
"전북특별자치도","전주시",완산구,총인구수 (명),323841,20626,22376,19934,17023,22538,23991,29918,28011,26294,21174,15152,11302,8155,4654,1674,407,51
"전북특별자치도","전주시",완산구,남자인구수 (명),157223,10760,11491,10475,8590,11029,11462,14369,13447,12451,9849,6906,5005,3194,1530,426,76,5
"전북특별자치도","전주시",완산구,여자인구수 (명),166618,9866,10885,9459,8433,11509,12529,15549,14564,13843,11325,8246,6297,4961,3124,1248,331,46
"전북특별자치도","전주시",덕진구,총인구수 (명),315123,19609,20536,20103,19260,25383,25315,27635,24399,22256,17283,12452,9441,7188,4039,1355,278,38
"전북특별자치도","전주시",덕진구,남자인구수 (명),156456,10238,10988,10574,9700,12630,12611,13981,12198,10920,8166,5686,4085,2876,1457,352,58,7
"전북특별자치도","전주시",덕진구,여자인구수 (명),158667,9371,9548,9529,9560,12753,12704,13654,12201,11336,9117,6766,5356,4312,2582,1003,220,31
"전북특별자치도","군산시",소계,총인구수 (명),258585,12558,13201,12846,13197,19721,20047,23975,21644,22062,19492,13972,10848,7782,4299,1613,346,57
"전북특별자치도","군산시",소계,남자인구수 (명),131084,6951,7396,7016,6819,10318,10422,12713,11401,11114,9576,6686,4877,2975,1380,366,55,8
"전북특별자치도","군산시",소계,여자인구수 (명),127501,5607,5805,5830,6378,9403,9625,11262,10243,10948,9916,7286,5971,4807,2919,1247,291,49
"전북특별자치도","익산시",소계,총인구수 (명),267899,15431,15278,13587,12242,17011,18969,24051,24267,24536,20826,14835,11163,8855,5268,2034,448,56
"전북특별자치도","익산시",소계,남자인구수 (명),133367,8339,8463,7242,6361,8699,9735,12270,12250,12337,10264,7053,4967,3348,1563,456,82,5
"전북특별자치도","익산시",소계,여자인구수 (명),134532,7092,6815,6345,5881,8312,9234,11781,12017,12199,10562,7782,6196,5507,3705,1578,366,51
"전북특별자치도","정읍시",소계,총인구수 (명),102705,4357,4492,3934,3842,5593,6810,8848,9393,9972,8948,6670,6031,5411,3485,1370,289,46
"전북특별자치도","정읍시",소계,남자인구수 (명),51225,2511,2498,2139,2021,2926,3559,4766,5054,5202,4543,3077,2675,1939,1060,305,52,6
"전북특별자치도","정읍시",소계,여자인구수 (명),51480,1846,1994,1795,1821,2667,3251,4082,4339,4770,4405,3593,3356,3472,2425,1065,237,40
"전북특별자치도","남원시",소계,총인구수 (명),75937,3049,2994,2726,2837,4011,4733,6589,7112,7447,6677,5183,4515,4009,2798,978,238,35
"전북특별자치도","남원시",소계,남자인구수 (명),37265,1747,1662,1425,1449,2028,2318,3555,3742,3859,3319,2541,1929,1412,816,208,39,8
"전북특별자치도","남원시",소계,여자인구수 (명),38672,1302,1332,1301,1388,1983,2415,3034,3370,3588,3358,2642,2586,2597,1982,770,199,27
"전북특별자치도","김제시",소계,총인구수 (명),80929,3160,3439,3215,3123,4214,4707,6214,7083,8318,7800,6078,5018,4614,3099,1311,248,42
"전북특별자치도","김제시",소계,남자인구수 (명),40458,1747,1953,1706,1625,2316,2632,3511,3963,4322,3956,2871,2227,1632,890,276,51,9
"전북특별자치도","김제시",소계,여자인구수 (명),40471,1413,1486,1509,1498,1898,2075,2703,3120,3996,3844,3207,2791,2982,2209,1035,197,33
"전북특별자치도","완주군",소계,총인구수 (명),98950,4161,4912,5730,5210,6683,6851,8275,8453,9134,7834,5536,4291,3597,2396,860,200,24
"전북특별자치도","완주군",소계,남자인구수 (명),50787,2360,2730,3051,2638,3489,3713,4533,4655,4854,4087,2819,2011,1313,751,190,31,1
"전북특별자치도","완주군",소계,여자인구수 (명),48163,1801,2182,2679,2572,3194,3138,3742,3798,4280,3747,2717,2280,2284,1645,670,169,23
"전북특별자치도","진안군",소계,총인구수 (명),24404,837,745,694,671,984,1196,1814,2428,2971,2639,2049,1759,1573,1109,403,96,15
"전북특별자치도","진안군",소계,남자인구수 (명),12461,492,419,343,321,524,705,1030,1379,1644,1439,1049,829,606,334,79,20,1
"전북특별자치도","진안군",소계,여자인구수 (명),11943,345,326,351,350,460,491,784,1049,1327,1200,1000,930,967,775,324,76,14
"전북특별자치도","무주군",소계,총인구수 (명),23114,801,689,707,695,1060,1310,1837,2222,2597,2419,1865,1414,1522,1027,351,77,15
"전북특별자치도","무주군",소계,남자인구수 (명),11597,445,395,383,387,578,702,1068,1216,1410,1258,903,595,557,311,88,13,3
"전북특별자치도","무주군",소계,여자인구수 (명),11517,356,294,324,308,482,608,769,1006,1187,1161,962,819,965,716,263,64,12
"전북특별자치도","장수군",소계,총인구수 (명),20762,654,618,521,676,927,1136,1567,2000,2229,2215,1785,1376,1431,931,335,52,11
"전북특별자치도","장수군",소계,남자인구수 (명),10438,366,367,284,341,508,652,899,1108,1203,1126,910,628,489,261,96,12,1
"전북특별자치도","장수군",소계,여자인구수 (명),10324,288,251,237,335,419,484,668,892,1026,1089,875,748,942,670,239,40,10
"전북특별자치도","임실군",소계,총인구수 (명),25807,779,869,836,809,1031,1248,1848,2437,3001,2630,2170,1893,1879,1320,467,113,14
"전북특별자치도","임실군",소계,남자인구수 (명),13332,460,522,445,438,601,773,1102,1375,1702,1454,1097,865,680,379,119,22,1
"전북특별자치도","임실군",소계,여자인구수 (명),12475,319,347,391,371,430,475,746,1062,1299,1176,1073,1028,1199,941,348,91,13
"전북특별자치도","순창군",소계,총인구수 (명),26813,1085,871,759,850,1254,1557,2123,2372,2835,2596,1917,1893,1858,1201,391,85,16
"전북특별자치도","순창군",소계,남자인구수 (명),13192,593,496,374,426,631,863,1212,1304,1535,1353,914,803,586,363,91,24,0
"전북특별자치도","순창군",소계,여자인구수 (명),13621,492,375,385,424,623,694,911,1068,1300,1243,1003,1090,1272,838,300,61,16
"전북특별자치도","고창군",소계,총인구수 (명),51241,1686,1599,1588,1648,2371,2759,3879,4614,5357,5233,4097,3730,3614,2309,822,188,41
"전북특별자치도","고창군",소계,남자인구수 (명),25611,1001,916,869,848,1307,1570,2217,2602,2792,2634,1949,1652,1280,671,179,23,3
"전북특별자치도","고창군",소계,여자인구수 (명),25630,685,683,719,800,1064,1189,1662,2012,2565,2599,2148,2078,2334,1638,643,165,38
"전북특별자치도","부안군",소계,총인구수 (명),48551,1776,1550,1541,1598,2343,2808,3792,4408,5197,5089,3921,3512,3061,2020,693,120,16
"전북특별자치도","부안군",소계,남자인구수 (명),24222,1041,888,846,862,1236,1570,2145,2442,2670,2569,1861,1563,1093,606,158,14,1
"전북특별자치도","부안군",소계,여자인구수 (명),24329,735,662,695,736,1107,1238,1647,1966,2527,2520,2060,1949,1968,1414,535,106,15
"전라남도","소계",소계,총인구수 (명),1793747,82832,89392,85953,82903,115607,120232,150886,159666,166385,142744,104247,88132,76898,46525,16890,3384,570
"전라남도","소계",소계,남자인구수 (명),904835,46448,50039,46183,43235,60965,63925,81374,86205,86598,72316,50160,39000,27583,13080,3499,582,76
"전라남도","소계",소계,여자인구수 (명),888912,36384,39353,39770,39668,54642,56307,69512,73461,79787,70428,54087,49132,49315,33445,13391,2802,494
"전라남도","목포시",소계,총인구수 (명),212144,11692,11998,10564,10641,16563,17238,19631,17655,17140,14721,10303,8474,5918,2916,1033,200,34
"전라남도","목포시",소계,남자인구수 (명),105457,6436,6454,5536,5398,8571,8803,10103,9115,8130,6900,4718,3684,2278,894,223,44,4
"전라남도","목포시",소계,여자인구수 (명),106687,5256,5544,5028,5243,7992,8435,9528,8540,9010,7821,5585,4790,3640,2022,810,156,30
"전라남도","여수시",소계,총인구수 (명),269593,13730,15299,14387,13487,18600,19076,23638,23878,24331,20813,15173,11657,8541,4420,1616,324,59
"전라남도","여수시",소계,남자인구수 (명),137288,7758,8783,7940,7246,9813,9913,12539,12527,12216,10268,7316,5282,3261,1340,340,47,8
"전라남도","여수시",소계,여자인구수 (명),132305,5972,6516,6447,6241,8787,9163,11099,11351,12115,10545,7857,6375,5280,3080,1276,277,51
"전라남도","순천시",소계,총인구수 (명),276801,15798,16685,16713,15292,20004,19830,24485,24636,23623,17697,11790,8800,7323,4404,1681,329,53
"전라남도","순천시",소계,남자인구수 (명),138236,8656,9098,8822,7850,10072,9642,12244,12366,11987,8813,5765,3936,2709,1293,357,54,5
"전라남도","순천시",소계,여자인구수 (명),138565,7142,7587,7891,7442,9932,10188,12241,12270,11636,8884,6025,4864,4614,3111,1324,275,48
"전라남도","나주시",소계,총인구수 (명),116922,4771,6070,7180,7013,8719,8058,8700,8934,9731,8638,6120,5170,4736,2782,1069,193,40
"전라남도","나주시",소계,남자인구수 (명),59063,2600,3114,3758,3552,4571,4445,4915,4819,5167,4399,2973,2252,1713,748,216,45,8
"전라남도","나주시",소계,여자인구수 (명),57859,2171,2956,3422,3461,4148,3613,3785,4115,4564,4239,3147,2918,3023,2034,853,148,32
"전라남도","광양시",소계,총인구수 (명),153596,7654,9753,10095,8868,11530,11177,14303,16032,12828,8927,5521,3906,3004,2077,770,176,29
"전라남도","광양시",소계,남자인구수 (명),80479,4416,5712,5658,4793,6170,5827,7190,8940,6877,4707,2827,1779,1062,622,145,24,0
"전라남도","광양시",소계,여자인구수 (명),73117,3238,4041,4437,4075,5360,5350,7113,7092,5951,4220,2694,2127,1942,1455,625,152,29
"전라남도","담양군",소계,총인구수 (명),44913,1637,1948,1690,1613,2163,2429,3668,4234,5137,4391,3304,2823,2689,1704,548,128,27
"전라남도","담양군",소계,남자인구수 (명),22689,936,1147,866,840,1142,1381,2078,2285,2771,2300,1606,1322,943,485,126,23,6
"전라남도","담양군",소계,여자인구수 (명),22224,701,801,824,773,1021,1048,1590,1949,2366,2091,1698,1501,1746,1219,422,105,21
"전라남도","곡성군",소계,총인구수 (명),26689,941,939,840,718,1109,1391,2060,2534,3129,2704,2063,1904,1923,1403,541,127,17
"전라남도","곡성군",소계,남자인구수 (명),13263,525,520,450,378,588,773,1136,1420,1715,1445,1040,825,671,380,127,23,1
"전라남도","곡성군",소계,여자인구수 (명),13426,416,419,390,340,521,618,924,1114,1414,1259,1023,1079,1252,1023,414,104,16
"전라남도","구례군",소계,총인구수 (명),24095,855,701,620,677,1031,1272,1951,2396,2867,2398,1897,1717,1754,1108,401,82,6
"전라남도","구례군",소계,남자인구수 (명),11780,490,405,327,324,555,667,1086,1315,1553,1202,888,772,576,323,86,17,1
"전라남도","구례군",소계,여자인구수 (명),12315,365,296,293,353,476,605,865,1081,1314,1196,1009,945,1178,785,315,65,5
"전라남도","고흥군",소계,총인구수 (명),60605,1694,1629,1501,1590,2350,2906,4270,5211,6779,6717,5794,5133,4928,3135,1343,267,56
"전라남도","고흥군",소계,남자인구수 (명),29710,1004,928,820,857,1256,1678,2544,2953,3575,3408,2775,2205,1767,862,288,52,5
"전라남도","고흥군",소계,여자인구수 (명),30895,690,701,681,733,1094,1228,1726,2258,3204,3309,3019,2928,3161,2273,1055,215,51
"전라남도","보성군",소계,총인구수 (명),37315,1155,1073,997,1034,1506,1800,2731,3343,4092,4014,3248,2911,2935,2033,779,161,29
"전라남도","보성군",소계,남자인구수 (명),18314,680,609,557,567,804,1017,1578,1922,2168,2059,1517,1298,1021,549,161,28,4
"전라남도","보성군",소계,여자인구수 (명),19001,475,464,440,467,702,783,1153,1421,1924,1955,1731,1613,1914,1484,618,133,25
"전라남도","화순군",소계,총인구수 (명),60919,3007,2985,2476,2040,3087,3763,5409,5838,6255,5196,3727,3365,3315,2073,692,137,18
"전라남도","화순군",소계,남자인구수 (명),30203,1595,1581,1295,1025,1581,1917,2875,3159,3380,2778,1835,1390,1131,562,150,27,2
"전라남도","화순군",소계,여자인구수 (명),30716,1412,1404,1181,1015,1506,1846,2534,2679,2875,2418,1892,1975,2184,1511,542,110,16
"전라남도","장흥군",소계,총인구수 (명),34594,1241,1161,1090,1141,1647,1762,2628,3209,3604,3485,2638,2442,2393,1651,643,111,16
"전라남도","장흥군",소계,남자인구수 (명),16935,702,658,607,593,914,982,1464,1778,1875,1726,1262,1035,842,447,123,16,3
"전라남도","장흥군",소계,여자인구수 (명),17659,539,503,483,548,733,780,1164,1431,1729,1759,1376,1407,1551,1204,520,95,13
"전라남도","강진군",소계,총인구수 (명),32446,1130,1136,1024,1077,1493,1671,2392,2838,3459,3369,2489,2366,2233,1493,558,111,11
"전라남도","강진군",소계,남자인구수 (명),15873,649,656,540,541,793,910,1359,1543,1792,1728,1177,1014,793,418,111,12,2
"전라남도","강진군",소계,여자인구수 (명),16573,481,480,484,536,700,761,1033,1295,1667,1641,1312,1352,1440,1075,447,99,9
"전라남도","해남군",소계,총인구수 (명),63747,2283,2250,1926,2054,3090,3638,5016,5781,6754,6423,5006,4477,4141,2475,862,173,30
"전라남도","해남군",소계,남자인구수 (명),31911,1342,1281,1074,1109,1624,2041,2909,3230,3610,3251,2355,1979,1461,707,157,27,4
"전라남도","해남군",소계,여자인구수 (명),31836,941,969,852,945,1466,1597,2107,2551,3144,3172,2651,2498,2680,1768,705,146,26
"전라남도","영암군",소계,총인구수 (명),51798,2289,2295,1844,2023,3227,3551,4569,4914,5168,4408,3198,2830,2641,1675,613,110,17
"전라남도","영암군",소계,남자인구수 (명),27129,1379,1375,1002,1060,1913,2102,2672,2858,2871,2310,1539,1216,907,444,137,18,4
"전라남도","영암군",소계,여자인구수 (명),24669,910,920,842,963,1314,1449,1897,2056,2297,2098,1659,1614,1734,1231,476,92,13
"전라남도","무안군",소계,총인구수 (명),90807,4585,4547,4977,5208,7528,6893,7136,6711,6754,5771,4345,3690,3026,1697,612,127,19
"전라남도","무안군",소계,남자인구수 (명),45637,2531,2427,2519,2587,3805,3633,3876,3645,3573,2866,2101,1684,1056,427,125,17,1
"전라남도","무안군",소계,여자인구수 (명),45170,2054,2120,2458,2621,3723,3260,3260,3066,3181,2905,2244,2006,1970,1270,487,110,18
"전라남도","함평군",소계,총인구수 (명),30279,1011,998,932,842,1273,1576,2257,2926,3362,3244,2434,2254,2252,1519,502,127,18
"전라남도","함평군",소계,남자인구수 (명),15387,577,600,538,439,734,916,1376,1727,1875,1708,1161,968,779,408,114,19,1
"전라남도","함평군",소계,여자인구수 (명),14892,434,398,394,403,539,660,881,1199,1487,1536,1273,1286,1473,1111,388,108,17
"전라남도","영광군",소계,총인구수 (명),51340,2022,2244,2260,2232,2783,3090,3949,4409,4737,4472,3552,3196,2909,1728,489,113,29
"전라남도","영광군",소계,남자인구수 (명),25693,1119,1270,1134,1144,1475,1772,2242,2447,2537,2297,1639,1378,1025,459,96,22,4
"전라남도","영광군",소계,여자인구수 (명),25647,903,974,1126,1088,1308,1318,1707,1962,2200,2175,1913,1818,1884,1269,393,91,25
"전라남도","장성군",소계,총인구수 (명),42247,1626,1875,1587,1552,2115,2549,3429,3951,4413,3926,2949,2644,2543,1610,505,108,14
"전라남도","장성군",소계,남자인구수 (명),21687,934,1151,878,819,1146,1426,1954,2248,2429,2086,1437,1212,917,429,116,25,4
"전라남도","장성군",소계,여자인구수 (명),20560,692,724,709,733,969,1123,1475,1703,1984,1840,1512,1432,1626,1181,389,83,10
"전라남도","완도군",소계,총인구수 (명),46014,1472,1564,1286,1644,2625,2788,3502,3876,4757,4483,3451,3374,3076,1778,644,114,18
"전라남도","완도군",소계,남자인구수 (명),23257,848,908,730,877,1488,1655,2007,2221,2435,2256,1643,1489,1102,524,129,17,3
"전라남도","완도군",소계,여자인구수 (명),22757,624,656,556,767,1137,1133,1495,1655,2322,2227,1808,1885,1974,1254,515,97,15
"전라남도","진도군",소계,총인구수 (명),28704,1045,1070,946,933,1377,1636,2175,2583,3008,2779,2136,2072,1988,1217,428,71,12
"전라남도","진도군",소계,남자인구수 (명),14261,584,619,506,478,796,965,1295,1436,1524,1479,1013,910,643,329,66,9,2
"전라남도","진도군",소계,여자인구수 (명),14443,461,451,440,455,581,671,880,1147,1484,1300,1123,1162,1345,888,362,62,10
"전라남도","신안군",소계,총인구수 (명),38179,1194,1172,1018,1224,1787,2138,2987,3777,4457,4168,3109,2927,2630,1627,561,95,18
"전라남도","신안군",소계,남자인구수 (명),20583,687,743,626,758,1154,1460,1932,2251,2538,2330,1573,1370,926,430,106,16,4
"전라남도","신안군",소계,여자인구수 (명),17596,507,429,392,466,633,678,1055,1526,1919,1838,1536,1557,1704,1197,455,79,14
"경상북도","소계",소계,총인구수 (명),2542072,115730,125162,129100,128131,173578,175410,216672,227580,243785,210269,152056,107402,94740,56811,19858,4133,569
"경상북도","소계",소계,남자인구수 (명),1285674,66224,72131,71879,68631,90403,91313,112941,117348,124317,105037,72449,48720,34701,16751,4485,677,60
"경상북도","소계",소계,여자인구수 (명),1256398,49506,53031,57221,59500,83175,84097,103731,110232,119468,105232,79607,58682,60039,40060,15373,3456,509
"경상북도","포항시",소계,총인구수 (명),492435,21711,26833,27698,26473,37332,35450,42814,43949,45826,40841,27441,17495,12686,6459,2225,459,60
"경상북도","포항시",소계,남자인구수 (명),250169,12591,15836,15782,13994,19219,17969,21418,22100,22530,19694,13451,8198,4957,1903,479,67,7
"경상북도","포항시",소계,여자인구수 (명),242266,9120,10997,11916,12479,18113,17481,21396,21849,23296,21147,13990,9297,7729,4556,1746,392,53
"경상북도","포항시",남구,총인구수 (명),222715,9827,12771,12115,11603,16852,16309,19453,20107,20546,18777,12877,8132,5794,2838,917,183,23
"경상북도","포항시",남구,남자인구수 (명),115714,5868,7916,7169,6199,8843,8572,10075,10585,10355,9032,6337,3826,2350,847,186,23,1
"경상북도","포항시",남구,여자인구수 (명),107001,3959,4855,4946,5404,8009,7737,9378,9522,10191,9745,6540,4306,3444,1991,731,160,22
"경상북도","포항시",북구,총인구수 (명),269720,11884,14062,15583,14870,20480,19141,23361,23842,25280,22064,14564,9363,6892,3621,1308,276,37
"경상북도","포항시",북구,남자인구수 (명),134455,6723,7920,8613,7795,10376,9397,11343,11515,12175,10662,7114,4372,2607,1056,293,44,6
"경상북도","포항시",북구,여자인구수 (명),135265,5161,6142,6970,7075,10104,9744,12018,12327,13105,11402,7450,4991,4285,2565,1015,232,31
"경상북도","경주시",소계,총인구수 (명),245601,10568,11284,11710,11171,15574,16441,22387,23630,24937,21602,15723,11247,9487,5508,1981,361,55
"경상북도","경주시",소계,남자인구수 (명),123056,5927,6398,6519,5927,8160,8632,11513,12148,12705,10656,7336,5101,3476,1523,438,59,9
"경상북도","경주시",소계,여자인구수 (명),122545,4641,4886,5191,5244,7414,7809,10874,11482,12232,10946,8387,6146,6011,3985,1543,302,46
"경상북도","김천시",소계,총인구수 (명),136012,5660,6217,6743,6607,9004,8909,10993,11943,13208,11348,8567,6064,5460,3498,1260,268,36
"경상북도","김천시",소계,남자인구수 (명),68343,3179,3495,3702,3444,4704,4689,5723,6153,6785,5626,4056,2714,1909,1052,283,53,5
"경상북도","김천시",소계,여자인구수 (명),67669,2481,2722,3041,3163,4300,4220,5270,5790,6423,5722,4511,3350,3551,2446,977,215,31
"경상북도","안동시",소계,총인구수 (명),153660,8129,7572,7147,6719,9367,10354,12638,12872,14468,12909,9926,7424,6959,4083,1423,340,36
"경상북도","안동시",소계,남자인구수 (명),76157,4473,4061,3937,3521,4715,5285,6653,6634,7195,6392,4526,3393,2582,1250,319,57,4
"경상북도","안동시",소계,여자인구수 (명),77503,3656,3511,3210,3198,4652,5069,5985,6238,7273,6517,5400,4031,4377,2833,1104,283,32
"경상북도","구미시",소계,총인구수 (명),404826,22077,25723,28770,29893,36983,33834,36947,34792,30608,20138,12042,7348,6005,3506,1201,270,41
"경상북도","구미시",소계,남자인구수 (명),209055,12913,14963,15708,16094,19154,17014,18552,17407,15928,10317,5700,3336,2125,961,270,47,2
"경상북도","구미시",소계,여자인구수 (명),195771,9164,10760,13062,13799,17829,16820,18395,17385,14680,9821,6342,4012,3880,2545,931,223,39
"경상북도","영주시",소계,총인구수 (명),99604,4564,4122,3838,3718,5466,6393,8294,8840,9946,9224,7402,5223,4875,2942,1043,219,34
"경상북도","영주시",소계,남자인구수 (명),49485,2604,2333,2208,1987,2780,3237,4409,4530,4913,4489,3414,2346,1836,973,245,40,5
"경상북도","영주시",소계,여자인구수 (명),50119,1960,1789,1630,1731,2686,3156,3885,4310,5033,4735,3988,2877,3039,1969,798,179,29
"경상북도","영천시",소계,총인구수 (명),99638,3778,4208,4243,4172,5362,5867,7916,9644,10957,9960,7694,5692,5049,2906,986,151,14
"경상북도","영천시",소계,남자인구수 (명),50946,2395,2406,2385,2234,2972,3249,4299,5187,5725,5112,3725,2612,1826,865,231,24,1
"경상북도","영천시",소계,여자인구수 (명),48692,1383,1802,1858,1938,2390,2618,3617,4457,5232,4848,3969,3080,3223,2041,755,127,13
"경상북도","상주시",소계,총인구수 (명),92778,3380,3131,2995,3344,4701,5239,7100,8194,10255,9579,7298,5613,5438,3617,1315,294,48
"경상북도","상주시",소계,남자인구수 (명),45735,2020,1768,1628,1783,2481,2753,3855,4292,5307,4798,3415,2496,1876,1050,278,38,1
"경상북도","상주시",소계,여자인구수 (명),47043,1360,1363,1367,1561,2220,2486,3245,3902,4948,4781,3883,3117,3562,2567,1037,256,47
"경상북도","문경시",소계,총인구수 (명),67756,2585,2495,2237,2506,3512,4071,5152,5965,7355,7041,5411,4049,3872,2359,836,176,33
"경상북도","문경시",소계,남자인구수 (명),33268,1434,1421,1211,1321,1823,2171,2742,3087,3742,3483,2472,1797,1400,641,179,30,4
"경상북도","문경시",소계,여자인구수 (명),34488,1151,1074,1026,1185,1689,1900,2410,2878,3613,3558,2939,2252,2472,1718,657,146,29
"경상북도","경산시",소계,총인구수 (명),266670,18162,16990,16202,14686,19292,19296,23849,23065,22474,18386,12906,9349,7423,4085,1311,244,36
"경상북도","경산시",소계,남자인구수 (명),134049,9744,9577,9034,7941,9924,9878,11902,11527,11158,8997,6002,4100,2828,1289,311,45,2
"경상북도","경산시",소계,여자인구수 (명),132621,8418,7413,7168,6745,9368,9418,11947,11538,11316,9389,6904,5249,4595,2796,1000,199,34
"경상북도","의성군",소계,총인구수 (명),49253,1068,1194,1371,1439,1817,2135,3115,4470,6079,6352,5138,3721,3999,2621,920,173,25
"경상북도","의성군",소계,남자인구수 (명),24481,619,693,750,833,1038,1265,1804,2500,3151,3280,2480,1660,1454,773,221,28,1
"경상북도","의성군",소계,여자인구수 (명),24772,449,501,621,606,779,870,1311,1970,2928,3072,2658,2061,2545,1848,699,145,24
"경상북도","청송군",소계,총인구수 (명),23848,590,718,718,731,947,1035,1639,2368,3058,2907,2274,1747,1762,1099,331,91,5
"경상북도","청송군",소계,남자인구수 (명),11962,345,445,456,436,517,589,931,1273,1571,1470,1133,788,617,350,86,13,1
"경상북도","청송군",소계,여자인구수 (명),11886,245,273,262,295,430,446,708,1095,1487,1437,1141,959,1145,749,245,78,4
"경상북도","영양군",소계,총인구수 (명),15452,401,407,416,449,607,738,1161,1470,1959,1770,1362,1094,1249,714,241,59,11
"경상북도","영양군",소계,남자인구수 (명),7700,234,227,232,244,335,444,700,827,1024,898,645,487,452,203,45,9,0
"경상북도","영양군",소계,여자인구수 (명),7752,167,180,184,205,272,294,461,643,935,872,717,607,797,511,196,50,11
"경상북도","영덕군",소계,총인구수 (명),33499,856,914,955,940,1483,1661,2533,3037,3813,3748,3102,2461,2719,1618,565,108,16
"경상북도","영덕군",소계,남자인구수 (명),16007,508,530,546,465,782,879,1457,1644,1940,1817,1422,1005,880,477,126,13,1
"경상북도","영덕군",소계,여자인구수 (명),17492,348,384,409,475,701,782,1076,1393,1873,1931,1680,1456,1839,1141,439,95,15
"경상북도","청도군",소계,총인구수 (명),40930,987,1057,1109,1120,1815,1992,2912,3755,5228,5121,4276,2894,2696,1865,702,135,19
"경상북도","청도군",소계,남자인구수 (명),20330,573,614,601,614,952,1149,1615,1988,2725,2680,2060,1389,998,548,156,20,1
"경상북도","청도군",소계,여자인구수 (명),20600,414,443,508,506,863,843,1297,1767,2503,2441,2216,1505,1698,1317,546,115,18
"경상북도","고령군",소계,총인구수 (명),30231,923,1057,950,961,1460,1709,2527,3028,3754,3355,2590,1834,1719,1146,380,76,11
"경상북도","고령군",소계,남자인구수 (명),15597,540,617,534,521,815,953,1451,1706,2011,1784,1316,819,626,344,79,22,2
"경상북도","고령군",소계,여자인구수 (명),14634,383,440,416,440,645,756,1076,1322,1743,1571,1274,1015,1093,802,301,54,9
"경상북도","성주군",소계,총인구수 (명),41724,1079,1278,1490,1454,1887,2160,3143,4280,5660,4883,3872,2655,2252,1440,531,111,11
"경상북도","성주군",소계,남자인구수 (명),21830,659,773,877,832,1065,1307,1852,2321,3033,2670,1938,1251,882,397,124,19,3
"경상북도","성주군",소계,여자인구수 (명),19894,420,505,613,622,822,853,1291,1959,2627,2213,1934,1404,1370,1043,407,92,8
"경상북도","칠곡군",소계,총인구수 (명),108620,4735,4824,5150,6073,9186,9721,10989,10226,9397,7217,4745,3549,3092,1917,657,156,27
"경상북도","칠곡군",소계,남자인구수 (명),57033,2826,2896,2847,3328,4977,5192,6004,5501,5140,3751,2345,1604,1051,551,165,31,2
"경상북도","칠곡군",소계,여자인구수 (명),51587,1909,1928,2303,2745,4209,4529,4985,4725,4257,3466,2400,1945,2041,1366,492,125,25
"경상북도","예천군",소계,총인구수 (명),54890,1735,1872,2309,2697,3542,3467,3704,3989,5007,5030,3948,2890,3079,2201,755,168,18
"경상북도","예천군",소계,남자인구수 (명),27044,1014,1013,1169,1406,1730,1835,2104,2080,2585,2516,1923,1317,1171,654,180,27,4
"경상북도","예천군",소계,여자인구수 (명),27846,721,859,1140,1291,1812,1632,1600,1909,2422,2514,2025,1573,1908,1547,575,141,14
"경상북도","봉화군",소계,총인구수 (명),29197,763,701,678,764,1169,1425,2062,2859,3821,3593,2634,2021,2136,1360,506,107,14
"경상북도","봉화군",소계,남자인구수 (명),14884,473,425,390,436,635,852,1199,1554,2010,1945,1320,941,784,424,140,17,3
"경상북도","봉화군",소계,여자인구수 (명),14313,290,276,288,328,534,573,863,1305,1811,1648,1314,1080,1352,936,366,90,11
"경상북도","울진군",소계,총인구수 (명),46241,1665,2102,1949,1819,2500,2890,3893,4233,4910,4329,3056,2531,2441,1670,602,149,19
"경상북도","울진군",소계,남자인구수 (명),23397,969,1319,1102,1018,1274,1571,2204,2315,2552,2177,1446,1140,833,444,110,15,2
"경상북도","울진군",소계,여자인구수 (명),22844,696,783,847,801,1226,1319,1689,1918,2358,2152,1610,1391,1608,1226,492,134,17
"경상북도","울릉군",소계,총인구수 (명),9207,314,463,422,395,572,623,904,971,1065,936,649,501,342,197,87,18,0
"경상북도","울릉군",소계,남자인구수 (명),5146,184,321,261,252,351,400,554,574,587,485,324,226,138,79,20,3,0
"경상북도","울릉군",소계,여자인구수 (명),4061,130,142,161,143,221,223,350,397,478,451,325,275,204,118,67,15,0
"경상남도","소계",소계,총인구수 (명),3235125,148937,162675,172415,174859,248360,247145,294749,289893,291214,245209,161658,116033,90622,52584,18839,3806,431
"경상남도","소계",소계,남자인구수 (명),1629977,84311,91339,93158,91277,127719,126996,151379,147423,146937,121585,77142,51864,32786,14905,3804,574,63
"경상남도","소계",소계,여자인구수 (명),1605148,64626,71336,79257,83582,120641,120149,143370,142470,144277,123624,84516,64169,57836,37679,15035,3232,368
"경상남도","창원시",소계,총인구수 (명),1003176,48900,57946,61478,59176,79845,77129,90847,90662,90427,73474,46207,30740,20796,11120,3776,747,68
"경상남도","창원시",소계,남자인구수 (명),507814,27694,32908,33458,31280,41084,39571,45437,44605,44864,35839,22071,14162,8011,3387,783,119,11
"경상남도","창원시",소계,여자인구수 (명),495362,21206,25038,28020,27896,38761,37558,45410,46057,45563,37635,24136,16578,12785,7733,2993,628,57
"경상남도","창원시",의창구,총인구수 (명),210608,10486,12818,13402,12397,16541,15268,19032,20653,20226,15377,9153,5702,3889,2094,717,137,13
"경상남도","창원시",의창구,남자인구수 (명),107094,5977,7297,7334,6485,8519,7885,9326,10020,10299,7710,4503,2749,1463,574,129,22,0
"경상남도","창원시",의창구,여자인구수 (명),103514,4509,5521,6068,5912,8022,7383,9706,10633,9927,7667,4650,2953,2426,1520,588,115,13
"경상남도","창원시",성산구,총인구수 (명),244933,13189,17596,18509,16337,18559,18594,23959,24865,22962,14393,7251,4070,2543,1469,585,119,10
"경상남도","창원시",성산구,남자인구수 (명),125035,7471,10102,10131,8789,9338,9075,11326,11800,11685,7548,3759,1936,949,436,103,20,2
"경상남도","창원시",성산구,여자인구수 (명),119898,5718,7494,8378,7548,9221,9519,12633,13065,11277,6845,3492,2134,1594,1033,482,99,8
"경상남도","창원시",마산합포구,총인구수 (명),179160,7957,8660,9451,10072,14072,12645,14309,14683,16221,16017,11274,7960,5681,2926,1053,218,20
"경상남도","창원시",마산합포구,남자인구수 (명),88958,4512,4756,4983,5308,7330,6715,7322,7329,7732,7507,5211,3534,2179,875,225,33,6
"경상남도","창원시",마산합포구,여자인구수 (명),90202,3445,3904,4468,4764,6742,5930,6987,7354,8489,8510,6063,4426,3502,2051,828,185,14
"경상남도","창원시",마산회원구,총인구수 (명),179034,8326,9087,9412,9025,13168,13757,16174,16388,16997,15141,10429,7193,4640,2274,655,127,13
"경상남도","창원시",마산회원구,남자인구수 (명),89283,4577,5038,5080,4748,6848,6947,8197,8129,8242,7003,4777,3304,1868,760,141,20,1
"경상남도","창원시",마산회원구,여자인구수 (명),89751,3749,4049,4332,4277,6320,6810,7977,8259,8755,8138,5652,3889,2772,1514,514,107,12
"경상남도","창원시",진해구,총인구수 (명),189441,8942,9785,10704,11345,17505,16865,17373,14073,14021,12546,8100,5815,4043,2357,766,146,12
"경상남도","창원시",진해구,남자인구수 (명),97444,5157,5715,5930,5950,9049,8949,9266,7327,6906,6071,3821,2639,1552,742,185,24,2
"경상남도","창원시",진해구,여자인구수 (명),91997,3785,4070,4774,5395,8456,7916,8107,6746,7115,6475,4279,3176,2491,1615,581,122,10
"경상남도","진주시",소계,총인구수 (명),339753,19883,20309,20148,18997,24587,24772,29839,28159,27977,23782,16170,12206,9281,5178,1872,393,45
"경상남도","진주시",소계,남자인구수 (명),167802,10916,11126,10865,9817,12101,12208,14875,13925,13441,11332,7421,5300,3409,1447,368,60,7
"경상남도","진주시",소계,여자인구수 (명),171951,8967,9183,9283,9180,12486,12564,14964,14234,14536,12450,8749,6906,5872,3731,1504,333,38
"경상남도","통영시",소계,총인구수 (명),119227,4807,4191,4346,5319,9225,9675,11087,10722,11839,10584,7279,5302,3751,1927,648,126,14
"경상남도","통영시",소계,남자인구수 (명),59865,2805,2354,2237,2730,4774,5181,5990,5511,5851,5162,3488,2400,1352,548,118,18,1
"경상남도","통영시",소계,여자인구수 (명),59362,2002,1837,2109,2589,4451,4494,5097,5211,5988,5422,3791,2902,2399,1379,530,108,13
"경상남도","사천시",소계,총인구수 (명),108792,4437,5048,5261,5061,7813,8403,9945,9348,9642,8713,6286,5150,4011,2420,889,169,15
"경상남도","사천시",소계,남자인구수 (명),55129,2648,3173,3042,2709,4046,4422,5367,4926,4849,4185,2927,2187,1403,672,180,24,1
"경상남도","사천시",소계,여자인구수 (명),53663,1789,1875,2219,2352,3767,3981,4578,4422,4793,4528,3359,2963,2608,1748,709,145,14
"경상남도","김해시",소계,총인구수 (명),531891,28054,29765,32083,31342,44592,45311,54077,49541,42360,30781,18502,12518,9292,4844,1603,306,36
"경상남도","김해시",소계,남자인구수 (명),269018,15623,16309,17028,16272,22617,22399,26908,25128,22080,15540,8780,5411,3340,1362,321,36,3
"경상남도","김해시",소계,여자인구수 (명),262873,12431,13456,15055,15070,21975,22912,27169,24413,20280,15241,9722,7107,5952,3482,1282,270,33
"경상남도","밀양시",소계,총인구수 (명),101145,3517,3698,3844,3899,5663,6020,7968,9351,11456,11427,8190,5746,4900,2927,983,188,16
"경상남도","밀양시",소계,남자인구수 (명),49990,2052,2139,2167,2045,3003,3211,4159,4713,5752,5612,3886,2582,1738,804,196,29,2
"경상남도","밀양시",소계,여자인구수 (명),51155,1465,1559,1677,1854,2660,2809,3809,4638,5704,5815,4304,3164,3162,2123,787,159,14
"경상남도","거제시",소계,총인구수 (명),233034,9913,9657,10558,14581,23542,21975,23981,20056,17711,14503,8417,5316,3707,2146,828,167,24
"경상남도","거제시",소계,남자인구수 (명),122073,5813,5432,5685,7417,12653,11721,13219,10866,8910,7606,4180,2573,1378,595,162,21,6
"경상남도","거제시",소계,여자인구수 (명),110961,4100,4225,4873,7164,10889,10254,10762,9190,8801,6897,4237,2743,2329,1551,666,146,18
"경상남도","양산시",소계,총인구수 (명),356811,15770,18278,21699,22653,31820,29450,31962,30408,28989,23533,15137,10332,7679,3883,1252,250,37
"경상남도","양산시",소계,남자인구수 (명),178584,8556,9727,11281,11681,16352,14987,16002,15137,14628,11371,7168,4572,2949,1205,315,37,8
"경상남도","양산시",소계,여자인구수 (명),178227,7214,8551,10418,10972,15468,14463,15960,15271,14361,12162,7969,5760,4730,2678,937,213,29
"경상남도","의령군",소계,총인구수 (명),25241,682,678,742,749,1056,1265,1866,2386,3102,3033,2160,1702,1821,1268,481,100,15
"경상남도","의령군",소계,남자인구수 (명),12592,426,406,409,393,539,746,1071,1319,1681,1625,1067,753,548,336,88,12,3
"경상남도","의령군",소계,여자인구수 (명),12649,256,272,333,356,517,519,795,1067,1421,1408,1093,949,1273,932,393,88,12
"경상남도","함안군",소계,총인구수 (명),59358,2057,2036,1968,2200,3621,4211,5173,5580,6221,6001,4071,3004,2709,1715,649,126,7
"경상남도","함안군",소계,남자인구수 (명),30411,1241,1229,1149,1108,1861,2256,2911,3039,3352,3207,2011,1358,930,441,137,13,2
"경상남도","함안군",소계,여자인구수 (명),28947,816,807,819,1092,1760,1955,2262,2541,2869,2794,2060,1646,1779,1274,512,113,5
"경상남도","창녕군",소계,총인구수 (명),56415,1486,1690,1839,1950,2963,3041,4326,5390,6819,6568,4644,3583,3301,2049,754,142,14
"경상남도","창녕군",소계,남자인구수 (명),28257,897,1012,1055,1112,1567,1739,2442,2914,3442,3351,2222,1618,1105,564,142,15,2
"경상남도","창녕군",소계,여자인구수 (명),28158,589,678,784,838,1396,1302,1884,2476,3377,3217,2422,1965,2196,1485,612,127,12
"경상남도","고성군",소계,총인구수 (명),48597,1494,1516,1302,1475,2619,2820,4043,4545,5604,5184,4030,3207,2708,1719,695,143,11
"경상남도","고성군",소계,남자인구수 (명),24629,902,919,764,786,1428,1555,2241,2509,2935,2630,1925,1468,987,466,136,25,1
"경상남도","고성군",소계,여자인구수 (명),23968,592,597,538,689,1191,1265,1802,2036,2669,2554,2105,1739,1721,1253,559,118,10
"경상남도","남해군",소계,총인구수 (명),40248,1231,1171,1030,1053,1668,2108,3093,3492,4599,4389,3519,3169,2828,1988,897,186,25
"경상남도","남해군",소계,남자인구수 (명),19601,795,714,610,538,842,1125,1695,1887,2351,2171,1697,1413,987,518,171,27,1
"경상남도","남해군",소계,여자인구수 (명),20647,436,457,420,515,826,983,1398,1605,2248,2218,1822,1756,1841,1470,726,159,24
"경상남도","하동군",소계,총인구수 (명),41054,1159,1158,1076,1105,1594,2123,3391,4049,5143,4781,3505,2884,2726,1845,724,186,17
"경상남도","하동군",소계,남자인구수 (명),20498,690,687,598,598,864,1165,1884,2224,2731,2508,1740,1265,964,511,152,31,1
"경상남도","하동군",소계,여자인구수 (명),20556,469,471,478,507,730,958,1507,1825,2412,2273,1765,1619,1762,1334,572,155,16
"경상남도","산청군",소계,총인구수 (명),33470,885,939,847,852,1268,1524,2571,3486,4295,4030,2975,2390,2346,1567,584,131,18
"경상남도","산청군",소계,남자인구수 (명),16580,498,559,463,459,674,828,1426,1899,2249,2120,1528,1088,794,407,103,15,3
"경상남도","산청군",소계,여자인구수 (명),16890,387,380,384,393,594,696,1145,1587,2046,1910,1447,1302,1552,1160,481,116,15
"경상남도","함양군",소계,총인구수 (명),36441,1153,1106,1023,1099,1601,1908,2888,3543,4114,3991,2846,2435,2438,1662,620,111,18
"경상남도","함양군",소계,남자인구수 (명),17735,673,636,575,566,804,1013,1591,1893,2167,2003,1367,1027,816,459,116,25,4
"경상남도","함양군",소계,여자인구수 (명),18706,480,470,448,533,797,895,1297,1650,1947,1988,1479,1408,1622,1203,504,86,14
"경상남도","거창군",소계,총인구수 (명),59817,2481,2353,2130,2338,3281,3578,4818,5374,5937,5513,3970,3259,3060,2169,780,188,24
"경상남도","거창군",소계,남자인구수 (명),29438,1478,1359,1154,1199,1639,1843,2520,2783,3013,2759,1834,1393,1031,599,171,39,3
"경상남도","거창군",소계,여자인구수 (명),30379,1003,994,976,1139,1642,1735,2298,2591,2924,2754,2136,1866,2029,1570,609,149,21
"경상남도","합천군",소계,총인구수 (명),40655,1028,1136,1041,1010,1602,1832,2874,3801,4979,4922,3750,3090,3268,2157,804,147,27
"경상남도","합천군",소계,남자인구수 (명),19961,604,650,618,567,871,1026,1641,2145,2641,2564,1830,1294,1044,584,145,28,4
"경상남도","합천군",소계,여자인구수 (명),20694,424,486,423,443,731,806,1233,1656,2338,2358,1920,1796,2224,1573,659,119,23
"제주특별자치도","소계",소계,총인구수 (명),672068,33779,37653,39725,38073,53780,52625,62802,56953,53141,42541,26516,22337,16856,10401,4434,851,258
"제주특별자치도","소계",소계,남자인구수 (명),336330,18342,19765,20483,19045,26845,27144,32367,29556,26908,20969,12459,10099,6561,3276,916,91,19
"제주특별자치도","소계",소계,여자인구수 (명),335738,15437,17888,19242,19028,26935,25481,30435,27397,26233,21572,14057,12238,10295,7125,3518,760,239
"제주특별자치도","제주시",소계,총인구수 (명),489567,26105,29074,30931,28948,39793,38367,45872,40754,36975,29203,17888,14728,10957,6841,2892,601,181
"제주특별자치도","제주시",소계,남자인구수 (명),244431,14091,15061,15942,14552,19934,19588,23216,21024,18520,14382,8390,6630,4237,2167,572,61,13
"제주특별자치도","제주시",소계,여자인구수 (명),245136,12014,14013,14989,14396,19859,18779,22656,19730,18455,14821,9498,8098,6720,4674,2320,540,168
"제주특별자치도","서귀포시",소계,총인구수 (명),182501,7674,8579,8794,9125,13987,14258,16930,16199,16166,13338,8628,7609,5899,3560,1542,250,77
"제주특별자치도","서귀포시",소계,남자인구수 (명),91899,4251,4704,4541,4493,6911,7556,9151,8532,8388,6587,4069,3469,2324,1109,344,30,6
"제주특별자치도","서귀포시",소계,여자인구수 (명),90602,3423,3875,4253,4632,7076,6702,7779,7667,7778,6751,4559,4140,3575,2451,1198,220,71
